id;employeeId;date;clockIn;lunchStart;lunchEnd;snackStart;snackEnd;clockOut;expectedMinutes;type;note
"d081fe91-bb17-4f60-bca2-20860d7a1325";"27d83b80-0073-41d6-82f3-c7c9dc341db8";"2026-02-11";"2026-02-11T12:57:54+00:00";"2026-02-11T17:49:28+00:00";"2026-02-11T18:48:23+00:00";"2026-02-11T21:32:40+00:00";"2026-02-11T21:47:29+00:00";"2026-02-11T22:04:15+00:00";"480";"WORK";""
"6ad719db-bbb1-44d3-ac02-6fcb9e868dc3";"6c62ccbf-5719-4a03-89cf-3506e5200dd2";"2026-02-11";"2026-02-11T13:21:42+00:00";"2026-02-11T17:49:18+00:00";"2026-02-11T18:49:05+00:00";"2026-02-11T22:08:17+00:00";"2026-02-11T22:09:05+00:00";"2026-02-11T22:09:12+00:00";"480";"WORK";""
"680f16b0-bbd0-4908-82e0-f1c018fb7aac";"27d83b80-0073-41d6-82f3-c7c9dc341db8";"2026-02-12";"2026-02-12T13:12:19+00:00";"2026-02-12T15:34:42+00:00";"2026-02-12T16:30:39+00:00";"2026-02-12T20:29:55+00:00";"2026-02-12T20:45:15+00:00";"2026-02-12T21:20:28+00:00";"480";"WORK";""
"39768e0d-3ecd-49c7-b584-04e64b9ea4c4";"10af27b6-820d-4142-a168-b43e8f261518";"2026-02-12";"2026-02-12T13:12:25+00:00";"2026-02-12T14:00:23+00:00";"2026-02-12T15:00:43+00:00";"2026-02-12T19:33:34+00:00";"2026-02-12T19:48:03+00:00";"2026-02-12T22:01:38+00:00";"480";"WORK";""
"35dad3d5-f1d8-4255-b9af-db1ead96bf16";"6c62ccbf-5719-4a03-89cf-3506e5200dd2";"2026-02-12";"2026-02-12T13:34:41+00:00";"2026-02-12T17:42:11+00:00";"2026-02-12T17:42:15+00:00";"2026-02-12T17:42:17+00:00";"2026-02-12T17:42:19+00:00";"2026-02-12T17:42:21+00:00";"480";"WORK";""
"2801d71e-2da7-4b39-ae0a-78c552fdd298";"10af27b6-820d-4142-a168-b43e8f261518";"2026-02-13";"2026-02-13T13:01:05+00:00";"2026-02-13T14:00:17+00:00";"2026-02-13T15:42:27+00:00";"2026-02-13T19:57:24+00:00";"2026-02-13T20:12:56+00:00";"2026-02-13T21:33:41+00:00";"480";"WORK";""
"e4e71309-a0c0-4355-9f26-4fc77e456b6b";"27d83b80-0073-41d6-82f3-c7c9dc341db8";"2026-02-13";"2026-02-13T13:53:20+00:00";"2026-02-13T17:25:32+00:00";"2026-02-13T18:26:03+00:00";"2026-02-13T21:08:26+00:00";"2026-02-13T21:26:16+00:00";"2026-02-13T22:05:42+00:00";"480";"WORK";""
"f2030508-58c6-436c-8b0b-9b60189bd9f4";"6c62ccbf-5719-4a03-89cf-3506e5200dd2";"2026-02-13";"2026-02-13T13:39:28+00:00";"2026-02-13T19:59:55+00:00";"2026-02-13T20:58:15+00:00";"2026-02-13T22:22:29+00:00";"2026-02-13T22:22:33+00:00";"2026-02-13T22:22:34+00:00";"480";"WORK";""
"9fcece8a-995a-4636-a38b-55cd16d5ff43";"27d83b80-0073-41d6-82f3-c7c9dc341db8";"2026-02-14";"2026-02-14T12:58:35+00:00";"2026-02-14T15:36:05+00:00";"2026-02-14T16:33:33+00:00";"2026-02-14T20:32:09+00:00";"2026-02-14T20:47:12+00:00";"2026-02-14T21:48:01+00:00";"480";"WORK";""
"da4cafde-91ea-4f2a-8a0c-2414492be9fb";"6c62ccbf-5719-4a03-89cf-3506e5200dd2";"2026-02-14";"2026-02-14T12:42:38+00:00";"2026-02-14T16:52:47+00:00";"2026-02-14T17:57:48+00:00";"2026-02-14T20:23:03+00:00";"2026-02-14T20:39:13+00:00";"2026-02-14T21:50:33+00:00";"240";"WORK";""
"b439a602-befa-4382-9288-fa6035929f06";"10af27b6-820d-4142-a168-b43e8f261518";"2026-02-14";"2026-02-14T12:59:29+00:00";"2026-02-14T14:01:17+00:00";"2026-02-14T15:00:35+00:00";"2026-02-14T19:34:33+00:00";"2026-02-14T19:50:25+00:00";"2026-02-14T21:48:05+00:00";"480";"WORK";""
"59b5078a-d5ca-442e-a614-147d7c040fd8";"6c62ccbf-5719-4a03-89cf-3506e5200dd2";"2026-02-18";"2026-02-18T12:31:03+00:00";"2026-02-18T16:59:46+00:00";"2026-02-18T18:00:48+00:00";"";"";"";"480";"WORK";""
"904dfac4-209b-4445-bb22-4fbd656a5c31";"10af27b6-820d-4142-a168-b43e8f261518";"2026-02-18";"2026-02-18T12:55:08+00:00";"2026-02-18T14:33:46+00:00";"2026-02-18T15:32:28+00:00";"2026-02-18T19:38:34+00:00";"2026-02-18T19:53:51+00:00";"2026-02-18T22:01:53+00:00";"480";"WORK";""
"caf80faa-718c-48c3-af39-6b382320a000";"10af27b6-820d-4142-a168-b43e8f261518";"2026-02-19";"2026-02-19T13:00:50+00:00";"2026-02-19T14:00:05+00:00";"2026-02-19T14:57:11+00:00";"2026-02-19T19:28:50+00:00";"2026-02-19T19:47:56+00:00";"2026-02-19T22:01:13+00:00";"480";"WORK";""
"d5ac4fb9-3332-4c83-8ec5-29a7ec3be3e7";"01f9409f-d074-4c85-b8aa-96be02f6ba07";"2026-02-19";"2026-02-19T13:00:45+00:00";"2026-02-19T15:03:46+00:00";"2026-02-19T16:03:05+00:00";"2026-02-19T20:07:28+00:00";"2026-02-19T20:07:36+00:00";"2026-02-19T20:07:39+00:00";"360";"WORK";""
"51104de9-01a4-424e-abc8-dc3b9958f631";"27d83b80-0073-41d6-82f3-c7c9dc341db8";"2026-02-19";"2026-02-19T13:02:32+00:00";"2026-02-19T17:41:43+00:00";"2026-02-19T18:45:19+00:00";"2026-02-19T21:35:40+00:00";"2026-02-19T22:00:55+00:00";"2026-02-19T22:00:59+00:00";"480";"WORK";""
"7bacaf8f-b3b3-42c0-aa21-0a666cb53343";"6c62ccbf-5719-4a03-89cf-3506e5200dd2";"2026-02-19";"2026-02-19T12:25:41+00:00";"2026-02-19T19:49:38+00:00";"2026-02-19T20:49:03+00:00";"2026-02-19T22:07:30+00:00";"2026-02-19T22:07:32+00:00";"2026-02-19T22:07:36+00:00";"480";"WORK";""
"daaedf46-fb24-42b7-aa79-35a07db98e90";"01f9409f-d074-4c85-b8aa-96be02f6ba07";"2026-02-20";"2026-02-20T12:58:50+00:00";"2026-02-20T15:07:31+00:00";"2026-02-20T16:07:03+00:00";"2026-02-20T20:12:26+00:00";"2026-02-20T20:12:30+00:00";"2026-02-20T20:12:32+00:00";"360";"WORK";""
"146c6648-a651-41fc-8ec5-24a4c24cd4ae";"6c62ccbf-5719-4a03-89cf-3506e5200dd2";"2026-02-20";"2026-02-20T13:02:25+00:00";"2026-02-20T19:11:58+00:00";"2026-02-20T20:50:31+00:00";"2026-02-20T22:11:50+00:00";"2026-02-20T22:11:52+00:00";"2026-02-20T22:11:53+00:00";"480";"WORK";""
"931debf3-590b-471f-9eb8-56c71245e94d";"27d83b80-0073-41d6-82f3-c7c9dc341db8";"2026-02-20";"2026-02-20T13:00:28+00:00";"2026-02-20T17:33:39+00:00";"2026-02-20T18:37:08+00:00";"2026-02-20T21:08:06+00:00";"2026-02-20T21:24:17+00:00";"2026-02-20T22:10:25+00:00";"480";"WORK";""
"26f41133-51de-4030-9a5a-fdec46e1ad91";"10af27b6-820d-4142-a168-b43e8f261518";"2026-02-20";"2026-02-20T12:45:02+00:00";"2026-02-20T14:05:34+00:00";"2026-02-20T15:00:09+00:00";"2026-02-20T19:34:18+00:00";"2026-02-20T19:49:47+00:00";"2026-02-20T21:30:04+00:00";"480";"WORK";""
"2a3a4106-394f-4b27-a740-dac061662c46";"6c62ccbf-5719-4a03-89cf-3506e5200dd2";"2026-02-21";"2026-02-21T13:07:26+00:00";"2026-02-21T18:02:24+00:00";"2026-02-21T19:27:39+00:00";"2026-02-21T22:02:45+00:00";"2026-02-21T22:02:46+00:00";"2026-02-21T22:02:48+00:00";"240";"WORK";""
"7e77df6b-0ed9-486e-aeaa-c743ec0aec59";"10af27b6-820d-4142-a168-b43e8f261518";"2026-02-21";"2026-02-21T13:02:04+00:00";"2026-02-21T14:00:01+00:00";"2026-02-21T15:01:05+00:00";"2026-02-21T19:20:18+00:00";"2026-02-21T19:35:51+00:00";"2026-02-21T22:01:19+00:00";"480";"WORK";""
"abdaafdb-21f5-49f3-9309-3f3f28a45239";"6c62ccbf-5719-4a03-89cf-3506e5200dd2";"2026-02-22";"2026-02-22T12:26:12+00:00";"2026-02-22T21:02:23+00:00";"2026-02-22T21:02:24+00:00";"2026-02-22T21:02:25+00:00";"2026-02-22T21:02:27+00:00";"2026-02-22T21:02:28+00:00";"0";"WORK";""
"d964879d-3fea-42e7-a01c-1e4d78b9a482";"27d83b80-0073-41d6-82f3-c7c9dc341db8";"2026-02-22";"2026-02-22T13:00:49+00:00";"2026-02-22T17:31:43+00:00";"2026-02-22T18:29:56+00:00";"2026-02-22T20:57:23+00:00";"2026-02-22T20:57:27+00:00";"2026-02-22T21:02:16+00:00";"0";"WORK";""
"7dc1ac60-d50d-4cbd-9231-0be4d9c3ab70";"01f9409f-d074-4c85-b8aa-96be02f6ba07";"2026-02-23";"2026-02-23T13:00:08+00:00";"2026-02-23T16:56:03+00:00";"2026-02-23T17:55:06+00:00";"2026-02-23T20:19:03+00:00";"2026-02-23T20:19:06+00:00";"2026-02-23T20:19:08+00:00";"360";"WORK";""
"6dabab59-7812-4d88-a723-2c98585570f7";"10af27b6-820d-4142-a168-b43e8f261518";"2026-02-23";"2026-02-23T17:24:17+00:00";"2026-02-23T19:22:51+00:00";"2026-02-23T19:22:53+00:00";"2026-02-23T19:22:55+00:00";"2026-02-23T19:41:39+00:00";"2026-02-23T22:01:24+00:00";"240";"WORK";""
"08015206-0228-40ad-aacc-bd09ebb18d31";"6c62ccbf-5719-4a03-89cf-3506e5200dd2";"2026-02-23";"2026-02-23T12:42:05+00:00";"2026-02-23T15:26:10+00:00";"2026-02-23T16:28:07+00:00";"2026-02-23T21:16:57+00:00";"2026-02-23T21:27:36+00:00";"2026-02-23T22:04:05+00:00";"480";"WORK";""
"9fa91ada-87d5-4db6-a3cb-ee42b2ed4b71";"10af27b6-820d-4142-a168-b43e8f261518";"2026-02-24";"2026-02-24T12:51:33+00:00";"2026-02-24T14:00:30+00:00";"2026-02-24T14:58:28+00:00";"2026-02-24T19:47:43+00:00";"2026-02-24T20:03:03+00:00";"2026-02-24T21:30:05+00:00";"480";"WORK";""
"3721908c-2a22-4e43-a480-71a539950169";"6c62ccbf-5719-4a03-89cf-3506e5200dd2";"2026-02-24";"2026-02-24T13:22:15+00:00";"2026-02-24T19:50:27+00:00";"2026-02-24T20:47:10+00:00";"2026-02-24T22:05:34+00:00";"2026-02-24T22:05:38+00:00";"2026-02-24T22:21:36+00:00";"480";"WORK";""
"19e4c849-baa8-4e9e-801e-f3138f140889";"01f9409f-d074-4c85-b8aa-96be02f6ba07";"2026-02-24";"2026-02-24T12:54:45+00:00";"2026-02-24T15:20:43+00:00";"2026-02-24T16:19:34+00:00";"2026-02-24T20:15:43+00:00";"2026-02-24T20:15:45+00:00";"2026-02-24T20:15:46+00:00";"360";"WORK";""
"15808098-6a1d-4e75-9ded-e67046341526";"27d83b80-0073-41d6-82f3-c7c9dc341db8";"2026-02-24";"2026-02-24T17:35:31+00:00";"2026-02-24T20:48:53+00:00";"2026-02-24T20:48:55+00:00";"2026-02-24T20:48:56+00:00";"2026-02-24T21:17:16+00:00";"2026-02-24T22:20:32+00:00";"480";"WORK";""
"991464d4-732f-403c-833f-200e499b7562";"6c62ccbf-5719-4a03-89cf-3506e5200dd2";"2026-02-25";"2026-02-25T13:19:38+00:00";"2026-02-25T18:05:25+00:00";"2026-02-25T18:05:29+00:00";"2026-02-25T18:05:30+00:00";"2026-02-25T18:05:32+00:00";"2026-02-25T18:05:35+00:00";"480";"WORK";""
"2f96b8fd-195e-4d01-bd70-3af77c3c9077";"01f9409f-d074-4c85-b8aa-96be02f6ba07";"2026-02-25";"2026-02-25T12:56:44+00:00";"2026-02-25T14:39:47+00:00";"2026-02-25T15:03:39+00:00";"2026-02-25T20:03:29+00:00";"2026-02-25T20:03:32+00:00";"2026-02-25T20:03:34+00:00";"360";"WORK";""
"9f6f30a8-eb5e-4303-a12f-f1a7f8a8f276";"10af27b6-820d-4142-a168-b43e8f261518";"2026-02-25";"2026-02-25T13:00:24+00:00";"2026-02-25T14:03:29+00:00";"2026-02-25T15:04:33+00:00";"2026-02-25T19:25:01+00:00";"2026-02-25T19:41:48+00:00";"2026-02-25T22:01:33+00:00";"480";"WORK";""
"943b877a-be3f-48e4-a49d-779b38f5a4e4";"27d83b80-0073-41d6-82f3-c7c9dc341db8";"2026-02-25";"2026-02-25T12:42:11+00:00";"2026-02-25T17:06:01+00:00";"2026-02-25T18:07:22+00:00";"2026-02-25T20:29:25+00:00";"2026-02-25T22:01:24+00:00";"2026-02-25T22:01:28+00:00";"480";"WORK";""
"e84d0b38-b2aa-4d11-8cd6-f9326e03cb8b";"27d83b80-0073-41d6-82f3-c7c9dc341db8";"2026-02-26";"2026-02-26T13:08:50+00:00";"2026-02-26T17:04:08+00:00";"2026-02-26T18:06:55+00:00";"2026-02-26T21:08:49+00:00";"2026-02-26T21:20:37+00:00";"2026-02-26T22:06:28+00:00";"480";"WORK";""
"5e5f3d5d-2473-477f-8f7a-7db0fbce0123";"01f9409f-d074-4c85-b8aa-96be02f6ba07";"2026-02-26";"2026-02-26T12:59:54+00:00";"2026-02-26T15:17:34+00:00";"2026-02-26T16:09:10+00:00";"2026-02-26T19:35:23+00:00";"2026-02-26T19:46:25+00:00";"2026-02-26T21:18:56+00:00";"360";"WORK";""
"8c54efcc-edb2-4dba-b7d8-0e9062e4198d";"10af27b6-820d-4142-a168-b43e8f261518";"2026-02-26";"2026-02-26T12:46:23+00:00";"2026-02-26T14:01:07+00:00";"2026-02-26T14:56:37+00:00";"2026-02-26T19:11:21+00:00";"2026-02-26T19:32:46+00:00";"2026-02-26T21:41:16+00:00";"480";"WORK";""
"3f476edf-6888-4688-a0a6-36f0cac0badf";"6c62ccbf-5719-4a03-89cf-3506e5200dd2";"2026-02-26";"2026-02-26T12:59:48+00:00";"2026-02-26T16:01:31+00:00";"2026-02-26T17:07:47+00:00";"2026-02-26T20:22:16+00:00";"2026-02-26T21:07:29+00:00";"2026-02-26T22:10:01+00:00";"480";"WORK";""
"6ead2e05-7a48-4f3d-a1c1-4a41d0171de4";"10af27b6-820d-4142-a168-b43e8f261518";"2026-02-27";"2026-02-27T12:59:36+00:00";"2026-02-27T14:03:58+00:00";"2026-02-27T15:02:30+00:00";"2026-02-27T19:49:13+00:00";"2026-02-27T20:13:00+00:00";"2026-02-27T22:24:54+00:00";"480";"WORK";""
"2de7979c-3503-4195-9681-25a39e827dd0";"01f9409f-d074-4c85-b8aa-96be02f6ba07";"2026-02-27";"2026-02-27T12:55:16+00:00";"2026-02-27T16:57:16+00:00";"2026-02-27T17:56:47+00:00";"2026-02-27T20:06:22+00:00";"2026-02-27T20:06:23+00:00";"2026-02-27T20:06:26+00:00";"360";"WORK";""
"1899ca4b-faad-4336-bd8e-279527b12651";"27d83b80-0073-41d6-82f3-c7c9dc341db8";"2026-02-27";"2026-02-27T12:51:12+00:00";"2026-02-27T18:00:22+00:00";"2026-02-27T19:17:38+00:00";"2026-02-27T21:20:57+00:00";"2026-02-27T21:21:00+00:00";"2026-02-27T21:21:02+00:00";"480";"WORK";""
"906eeb4a-eb94-4d7e-99d4-47ba25180b06";"6c62ccbf-5719-4a03-89cf-3506e5200dd2";"2026-02-27";"2026-02-27T13:11:37+00:00";"2026-02-27T22:17:01+00:00";"2026-02-27T22:17:09+00:00";"2026-02-27T22:17:12+00:00";"2026-02-27T22:17:14+00:00";"2026-02-27T22:28:31+00:00";"480";"WORK";""
"a9e23a92-1bfa-48b9-9b81-4d87043c2f53";"01f9409f-d074-4c85-b8aa-96be02f6ba07";"2026-02-28";"2026-02-28T13:13:54+00:00";"2026-02-28T23:12:44+00:00";"2026-02-28T23:12:47+00:00";"2026-02-28T23:12:48+00:00";"2026-02-28T23:12:49+00:00";"2026-02-28T23:12:50+00:00";"0";"WORK";""
"f5ab3dee-7d13-4321-aa4b-cb717298abe9";"10af27b6-820d-4142-a168-b43e8f261518";"2026-02-28";"2026-02-28T12:59:28+00:00";"2026-02-28T14:11:04+00:00";"2026-02-28T15:13:59+00:00";"2026-02-28T20:04:21+00:00";"2026-02-28T20:23:33+00:00";"2026-02-28T23:48:36+00:00";"480";"WORK";""
"752bf42d-2cc1-4307-9585-af1c31b3ef46";"27d83b80-0073-41d6-82f3-c7c9dc341db8";"2026-02-28";"2026-02-28T13:06:36+00:00";"2026-02-28T18:05:00+00:00";"2026-02-28T19:06:28+00:00";"2026-02-28T21:15:23+00:00";"2026-02-28T21:39:05+00:00";"2026-02-28T23:48:40+00:00";"480";"WORK";""
"d4b23ad9-d8d5-47a0-b855-94fe81a53f89";"27d83b80-0073-41d6-82f3-c7c9dc341db8";"2026-03-02";"2026-03-02T12:58:57+00:00";"2026-03-02T17:08:21+00:00";"2026-03-02T18:09:44+00:00";"2026-03-02T21:33:29+00:00";"2026-03-02T21:44:36+00:00";"2026-03-02T22:04:46+00:00";"240";"WORK";""
"2cc3a69e-f781-4b51-a07a-5a5b408a3c6d";"27d83b80-0073-41d6-82f3-c7c9dc341db8";"2026-03-03";"2026-03-03T17:33:13+00:00";"2026-03-03T21:03:34+00:00";"2026-03-03T21:03:39+00:00";"2026-03-03T21:04:27+00:00";"2026-03-03T21:11:08+00:00";"2026-03-03T22:00:45+00:00";"480";"WORK";""
"326790d1-4e1a-49df-92c8-f670aa008107";"01f9409f-d074-4c85-b8aa-96be02f6ba07";"2026-03-03";"2026-03-03T12:55:06+00:00";"2026-03-03T15:01:19+00:00";"2026-03-03T16:00:43+00:00";"2026-03-03T18:41:41+00:00";"2026-03-03T18:54:53+00:00";"2026-03-03T20:19:12+00:00";"360";"WORK";""
"c79b294d-2889-4917-a76e-c06be9e6e780";"10af27b6-820d-4142-a168-b43e8f261518";"2026-03-03";"2026-03-03T12:56:45+00:00";"2026-03-03T14:02:20+00:00";"2026-03-03T14:56:54+00:00";"2026-03-03T19:29:15+00:00";"2026-03-03T19:52:03+00:00";"2026-03-03T22:02:10+00:00";"480";"WORK";""
"360c24cb-2aaa-4e07-a925-a579fa4b13e7";"6c62ccbf-5719-4a03-89cf-3506e5200dd2";"2026-03-03";"2026-03-03T12:36:49+00:00";"2026-03-03T20:37:01+00:00";"2026-03-03T21:41:13+00:00";"2026-03-03T22:08:20+00:00";"2026-03-03T22:08:24+00:00";"2026-03-03T22:14:45+00:00";"480";"WORK";""
"b6464c9e-05fc-4d9d-a47b-80274e2aa41f";"10af27b6-820d-4142-a168-b43e8f261518";"2026-03-04";"2026-03-04T12:59:36+00:00";"2026-03-04T14:02:58+00:00";"2026-03-04T15:01:31+00:00";"2026-03-04T19:52:48+00:00";"2026-03-04T20:12:31+00:00";"2026-03-04T22:02:40+00:00";"480";"WORK";""
"2f5e80d1-8dd7-4dcf-b804-db8d6972daa2";"01f9409f-d074-4c85-b8aa-96be02f6ba07";"2026-03-04";"2026-03-04T12:59:55+00:00";"2026-03-04T15:06:29+00:00";"2026-03-04T16:05:37+00:00";"2026-03-04T19:30:24+00:00";"2026-03-04T19:30:28+00:00";"2026-03-04T19:30:31+00:00";"360";"WORK";""
"a1a09095-5870-46b2-9c2e-17a46371fefc";"27d83b80-0073-41d6-82f3-c7c9dc341db8";"2026-03-04";"2026-03-04T13:05:22+00:00";"2026-03-04T17:31:15+00:00";"2026-03-04T18:33:40+00:00";"2026-03-04T20:20:07+00:00";"2026-03-04T20:36:01+00:00";"2026-03-04T22:00:49+00:00";"480";"WORK";""
"b110da67-d0df-4021-a678-ab5e71d58d89";"6c62ccbf-5719-4a03-89cf-3506e5200dd2";"2026-03-04";"2026-03-04T12:38:12+00:00";"2026-03-04T20:15:30+00:00";"2026-03-04T21:25:42+00:00";"2026-03-04T22:45:01+00:00";"2026-03-04T22:45:05+00:00";"2026-03-04T22:45:06+00:00";"480";"WORK";""
"703250a5-5ae5-4304-8071-96642ce63090";"6c62ccbf-5719-4a03-89cf-3506e5200dd2";"2026-03-05";"2026-03-05T13:02:51+00:00";"2026-03-05T19:23:58+00:00";"2026-03-05T20:25:29+00:00";"2026-03-05T22:06:44+00:00";"2026-03-05T22:06:46+00:00";"2026-03-05T22:06:48+00:00";"480";"WORK";""
"1aaf85f6-ad8f-4762-8dcd-3e4286fa9cd0";"01f9409f-d074-4c85-b8aa-96be02f6ba07";"2026-03-05";"2026-03-05T13:08:20+00:00";"2026-03-05T15:02:15+00:00";"2026-03-05T16:01:12+00:00";"2026-03-05T19:48:55+00:00";"2026-03-05T19:48:58+00:00";"2026-03-05T19:48:59+00:00";"360";"WORK";""
"5d9ae74d-1292-4181-bbab-76248cba536a";"27d83b80-0073-41d6-82f3-c7c9dc341db8";"2026-03-05";"2026-03-05T13:08:07+00:00";"2026-03-05T17:43:40+00:00";"2026-03-05T18:44:11+00:00";"2026-03-05T22:06:15+00:00";"2026-03-05T22:06:17+00:00";"2026-03-05T22:06:18+00:00";"480";"WORK";""
"3b501d8c-561e-4e1a-b631-3ebb4d26fd0a";"10af27b6-820d-4142-a168-b43e8f261518";"2026-03-05";"2026-03-05T12:30:34+00:00";"2026-03-05T14:00:17+00:00";"2026-03-05T14:59:08+00:00";"2026-03-05T20:00:32+00:00";"2026-03-05T20:18:11+00:00";"2026-03-05T22:06:13+00:00";"480";"WORK";""
"e0e377d0-8c42-4afa-9587-e9359eae61ab";"27d83b80-0073-41d6-82f3-c7c9dc341db8";"2026-03-06";"2026-03-06T13:07:28+00:00";"2026-03-06T17:37:30+00:00";"2026-03-06T18:46:57+00:00";"2026-03-06T20:44:28+00:00";"2026-03-06T21:02:55+00:00";"2026-03-06T22:02:56+00:00";"480";"WORK";""
"a30f70d9-5fec-4c07-9112-22b68dc204ac";"10af27b6-820d-4142-a168-b43e8f261518";"2026-03-06";"2026-03-06T12:29:16+00:00";"2026-03-06T14:00:55+00:00";"2026-03-06T15:01:13+00:00";"2026-03-06T20:18:10+00:00";"2026-03-06T20:41:49+00:00";"2026-03-06T21:02:14+00:00";"480";"WORK";""
"06bffd55-961c-43de-bacb-342c239691a8";"6c62ccbf-5719-4a03-89cf-3506e5200dd2";"2026-03-06";"2026-03-06T13:12:43+00:00";"2026-03-06T17:10:13+00:00";"2026-03-06T18:11:16+00:00";"2026-03-06T20:25:43+00:00";"2026-03-06T20:36:57+00:00";"2026-03-06T22:15:34+00:00";"480";"WORK";""
"1207b187-a95e-4708-9910-504c69a6932b";"10af27b6-820d-4142-a168-b43e8f261518";"2026-03-07";"2026-03-07T12:57:25+00:00";"2026-03-07T14:02:59+00:00";"2026-03-07T15:01:26+00:00";"2026-03-07T20:10:08+00:00";"2026-03-07T20:28:49+00:00";"2026-03-07T22:01:16+00:00";"480";"WORK";""
"b5a39c2e-d1a4-41c1-b6de-f5840a411945";"27d83b80-0073-41d6-82f3-c7c9dc341db8";"2026-03-07";"2026-03-07T13:07:51+00:00";"2026-03-07T17:38:13+00:00";"2026-03-07T18:37:41+00:00";"2026-03-07T20:47:27+00:00";"2026-03-07T21:20:09+00:00";"2026-03-07T22:01:07+00:00";"480";"WORK";""
"ba553a73-b708-409f-bb86-487bac537bf8";"10af27b6-820d-4142-a168-b43e8f261518";"2026-03-08";"2026-03-08T12:31:35+00:00";"2026-03-08T14:01:13+00:00";"2026-03-08T15:01:42+00:00";"2026-03-08T20:32:57+00:00";"2026-03-08T20:32:59+00:00";"2026-03-08T20:33:01+00:00";"0";"WORK";""
"8ba3a1e7-bba7-4db0-a900-ca1b2c0e9c0d";"01f9409f-d074-4c85-b8aa-96be02f6ba07";"2026-03-08";"2026-03-08T12:31:38+00:00";"2026-03-08T15:26:27+00:00";"2026-03-08T15:49:09+00:00";"2026-03-08T18:52:51+00:00";"2026-03-08T19:33:50+00:00";"2026-03-08T20:32:46+00:00";"0";"WORK";""
"f44d82e3-f421-4aa9-a437-3348790031ba";"6c62ccbf-5719-4a03-89cf-3506e5200dd2";"2026-03-08";"2026-03-08T12:31:32+00:00";"2026-03-08T17:41:21+00:00";"2026-03-08T18:52:42+00:00";"2026-03-08T20:33:06+00:00";"2026-03-08T20:33:07+00:00";"2026-03-08T20:33:08+00:00";"0";"WORK";""
"769ca07b-7a77-46e5-b3dc-8b18a994dcaa";"6c62ccbf-5719-4a03-89cf-3506e5200dd2";"2026-03-09";"2026-03-09T12:42:25+00:00";"2026-03-09T18:15:38+00:00";"2026-03-09T18:54:03+00:00";"2026-03-09T22:08:09+00:00";"2026-03-09T22:08:13+00:00";"2026-03-09T22:11:05+00:00";"480";"WORK";""
"277c9ec5-76fe-4262-be0a-8c8c88dd8996";"27d83b80-0073-41d6-82f3-c7c9dc341db8";"2026-03-09";"2026-03-09T13:00:41+00:00";"2026-03-09T17:38:50+00:00";"2026-03-09T17:38:53+00:00";"2026-03-09T17:38:55+00:00";"2026-03-09T17:38:57+00:00";"2026-03-09T17:38:58+00:00";"240";"WORK";""
"822a24db-e11d-4a46-b8be-bd7458b35d51";"27d83b80-0073-41d6-82f3-c7c9dc341db8";"2026-03-10";"2026-03-10T13:10:20+00:00";"2026-03-10T17:33:31+00:00";"2026-03-10T18:38:38+00:00";"2026-03-10T20:47:27+00:00";"2026-03-10T21:11:33+00:00";"2026-03-10T22:01:57+00:00";"480";"WORK";""
"950ab20b-c558-44f5-866b-f2f277ae875c";"6c62ccbf-5719-4a03-89cf-3506e5200dd2";"2026-03-10";"2026-03-10T12:49:18+00:00";"2026-03-10T17:34:49+00:00";"2026-03-10T17:34:51+00:00";"2026-03-10T17:34:56+00:00";"2026-03-10T17:34:57+00:00";"2026-03-10T17:34:58+00:00";"480";"WORK";""
"43f2820d-0d67-49a0-af74-45bbfb80763b";"10af27b6-820d-4142-a168-b43e8f261518";"2026-03-10";"2026-03-10T12:58:38+00:00";"2026-03-10T14:00:46+00:00";"2026-03-10T14:58:48+00:00";"2026-03-10T19:21:09+00:00";"2026-03-10T19:41:07+00:00";"2026-03-10T22:02:01+00:00";"480";"WORK";""
"7bc7675e-54cf-4d5a-8389-766f8418a924";"01f9409f-d074-4c85-b8aa-96be02f6ba07";"2026-03-11";"2026-03-11T12:58:15+00:00";"2026-03-11T15:03:05+00:00";"2026-03-11T16:01:28+00:00";"2026-03-11T18:35:03+00:00";"2026-03-11T18:41:02+00:00";"2026-03-11T20:10:11+00:00";"360";"WORK";""
"5b8b64da-2264-4efc-8d87-2c38eae3a265";"10af27b6-820d-4142-a168-b43e8f261518";"2026-03-11";"2026-03-11T13:00:26+00:00";"2026-03-11T14:02:54+00:00";"2026-03-11T15:00:46+00:00";"2026-03-11T19:29:10+00:00";"2026-03-11T19:47:35+00:00";"2026-03-11T22:05:41+00:00";"480";"WORK";""
"83776ea7-f117-4955-913d-fe9749f7cc2e";"6c62ccbf-5719-4a03-89cf-3506e5200dd2";"2026-03-12";"2026-03-12T13:01:21+00:00";"2026-03-12T18:49:20+00:00";"2026-03-12T19:50:36+00:00";"2026-03-12T21:37:42+00:00";"2026-03-12T21:37:44+00:00";"2026-03-12T22:08:06+00:00";"480";"WORK";""
"70c15189-390c-401d-b78a-5f0a8c89a3bc";"01f9409f-d074-4c85-b8aa-96be02f6ba07";"2026-03-12";"2026-03-12T13:00:41+00:00";"2026-03-12T15:00:33+00:00";"2026-03-12T16:09:58+00:00";"2026-03-12T20:09:47+00:00";"2026-03-12T20:09:49+00:00";"2026-03-12T20:09:51+00:00";"360";"WORK";""
"00d702a4-9075-4926-bf5f-43fa4fda3ae5";"27d83b80-0073-41d6-82f3-c7c9dc341db8";"2026-03-12";"2026-03-12T12:56:43+00:00";"2026-03-12T17:46:01+00:00";"2026-03-12T18:43:13+00:00";"2026-03-12T21:05:23+00:00";"2026-03-12T21:21:58+00:00";"2026-03-12T21:34:41+00:00";"480";"WORK";""
"a1141ab4-0115-460e-9080-4127d9bbc5da";"10af27b6-820d-4142-a168-b43e8f261518";"2026-03-12";"2026-03-12T12:59:32+00:00";"2026-03-12T14:00:14+00:00";"2026-03-12T14:59:18+00:00";"2026-03-12T19:17:16+00:00";"2026-03-12T19:36:26+00:00";"2026-03-12T22:00:53+00:00";"480";"WORK";""
"a967d946-5cc3-430a-acd5-a9c3b5a5ce65";"01f9409f-d074-4c85-b8aa-96be02f6ba07";"2026-03-13";"2026-03-13T13:00:42+00:00";"2026-03-13T15:01:50+00:00";"2026-03-13T16:00:01+00:00";"2026-03-13T20:05:46+00:00";"2026-03-13T20:05:48+00:00";"2026-03-13T20:05:50+00:00";"360";"WORK";""
"f60d3661-b6f0-400f-b33e-7a9cd5dc5ea5";"27d83b80-0073-41d6-82f3-c7c9dc341db8";"2026-03-13";"2026-03-13T13:15:25+00:00";"2026-03-13T17:37:12+00:00";"2026-03-13T18:44:36+00:00";"2026-03-13T21:13:43+00:00";"2026-03-13T21:29:32+00:00";"2026-03-13T22:04:48+00:00";"480";"WORK";""
"ef0b1e30-8a2f-45d3-8c61-2865827b2245";"10af27b6-820d-4142-a168-b43e8f261518";"2026-03-13";"2026-03-13T12:27:35+00:00";"2026-03-13T14:00:12+00:00";"2026-03-13T14:59:37+00:00";"2026-03-13T19:24:24+00:00";"2026-03-13T19:45:09+00:00";"2026-03-13T21:30:01+00:00";"480";"WORK";""
"a1b54d07-5344-4055-9df9-128015502710";"01f9409f-d074-4c85-b8aa-96be02f6ba07";"2026-03-14";"2026-03-14T15:02:10+00:00";"2026-03-14T17:04:48+00:00";"2026-03-14T17:55:05+00:00";"2026-03-14T21:12:54+00:00";"2026-03-14T21:22:54+00:00";"2026-03-14T22:01:49+00:00";"0";"WORK";""
"b53a67b4-4dea-449c-bad9-e4e13650df2a";"10af27b6-820d-4142-a168-b43e8f261518";"2026-03-14";"2026-03-14T12:37:47+00:00";"2026-03-14T14:00:55+00:00";"2026-03-14T14:57:40+00:00";"2026-03-14T19:59:48+00:00";"2026-03-14T20:15:27+00:00";"2026-03-14T21:35:12+00:00";"480";"WORK";""
"cd007c3c-0fb8-489e-9b94-8cb49a495502";"27d83b80-0073-41d6-82f3-c7c9dc341db8";"2026-03-14";"2026-03-14T13:07:01+00:00";"2026-03-14T18:00:42+00:00";"2026-03-14T18:59:28+00:00";"2026-03-14T20:43:43+00:00";"2026-03-14T22:31:12+00:00";"2026-03-14T22:31:13+00:00";"480";"WORK";""
"0fff3dc6-0063-4f8a-8c50-8ee903697acc";"10af27b6-820d-4142-a168-b43e8f261518";"2026-03-17";"2026-03-17T17:22:44+00:00";"2026-03-17T19:49:07+00:00";"2026-03-17T19:49:10+00:00";"2026-03-17T19:49:12+00:00";"2026-03-17T20:10:57+00:00";"2026-03-17T22:08:51+00:00";"480";"WORK";""
"fb86a622-cb70-4f67-b02a-057eb8ac3371";"27d83b80-0073-41d6-82f3-c7c9dc341db8";"2026-03-17";"2026-03-17T13:09:16+00:00";"2026-03-17T17:32:18+00:00";"2026-03-17T17:32:22+00:00";"2026-03-17T17:32:23+00:00";"2026-03-17T17:32:24+00:00";"2026-03-17T17:32:25+00:00";"480";"WORK";""
"8f52466d-71e2-44f3-b080-7a39f598c5dc";"01f9409f-d074-4c85-b8aa-96be02f6ba07";"2026-03-17";"2026-03-17T12:59:54+00:00";"2026-03-17T15:14:10+00:00";"2026-03-17T16:14:05+00:00";"2026-03-17T19:31:16+00:00";"2026-03-17T19:31:19+00:00";"2026-03-17T19:31:21+00:00";"360";"WORK";""
"5a2f8d39-c7bb-424b-82e6-cb877401577a";"6c62ccbf-5719-4a03-89cf-3506e5200dd2";"2026-03-18";"2026-03-18T13:07:12+00:00";"2026-03-18T18:35:36+00:00";"2026-03-18T19:36:08+00:00";"2026-03-18T21:51:35+00:00";"2026-03-18T21:51:40+00:00";"2026-03-18T22:12:24+00:00";"480";"WORK";""
"435fcf27-c748-46ae-bd53-061aaa40d754";"10af27b6-820d-4142-a168-b43e8f261518";"2026-03-18";"2026-03-18T12:29:22+00:00";"2026-03-18T14:01:09+00:00";"2026-03-18T14:59:35+00:00";"2026-03-18T19:06:29+00:00";"2026-03-18T19:31:40+00:00";"2026-03-18T21:30:29+00:00";"480";"WORK";""
"d732d5ed-1240-4b52-a9ba-2dfd0c1e70c3";"01f9409f-d074-4c85-b8aa-96be02f6ba07";"2026-03-18";"2026-03-18T12:58:54+00:00";"2026-03-18T15:00:02+00:00";"2026-03-18T15:59:14+00:00";"2026-03-18T20:04:16+00:00";"2026-03-18T20:04:17+00:00";"2026-03-18T20:04:19+00:00";"360";"WORK";""
"f29d545b-10ef-47b6-938c-d383c1843e45";"27d83b80-0073-41d6-82f3-c7c9dc341db8";"2026-03-18";"2026-03-18T13:13:53+00:00";"2026-03-18T17:32:59+00:00";"2026-03-18T18:34:26+00:00";"2026-03-18T20:40:40+00:00";"2026-03-18T20:41:34+00:00";"2026-03-18T21:58:59+00:00";"480";"WORK";""
"1802c8c1-87fc-460a-842b-3cb5c182423b";"01f9409f-d074-4c85-b8aa-96be02f6ba07";"2026-03-19";"2026-03-19T13:00:25+00:00";"2026-03-19T15:02:24+00:00";"2026-03-19T15:59:23+00:00";"2026-03-19T18:41:14+00:00";"2026-03-19T18:56:13+00:00";"2026-03-19T20:16:19+00:00";"360";"WORK";""
"15876117-fecb-4070-b839-e48715bbf9a2";"6c62ccbf-5719-4a03-89cf-3506e5200dd2";"2026-03-19";"2026-03-19T13:08:36+00:00";"2026-03-19T17:20:47+00:00";"2026-03-19T18:48:28+00:00";"2026-03-19T22:01:19+00:00";"2026-03-19T22:01:20+00:00";"2026-03-19T22:05:37+00:00";"480";"WORK";""
"569ee2bf-8500-47e5-9ff3-6dc27f280904";"10af27b6-820d-4142-a168-b43e8f261518";"2026-03-19";"2026-03-19T12:29:57+00:00";"2026-03-19T14:00:02+00:00";"2026-03-19T14:57:48+00:00";"2026-03-19T19:24:37+00:00";"2026-03-19T19:43:38+00:00";"2026-03-19T21:30:01+00:00";"480";"WORK";""
"63c179ac-f90a-425b-9097-875778e37793";"27d83b80-0073-41d6-82f3-c7c9dc341db8";"2026-03-19";"2026-03-19T12:52:33+00:00";"2026-03-19T17:41:55+00:00";"2026-03-19T18:41:26+00:00";"2026-03-19T21:04:13+00:00";"2026-03-19T21:04:16+00:00";"2026-03-19T22:01:46+00:00";"480";"WORK";""
"0098c832-029e-43dc-9bf2-df235f6688e8";"6c62ccbf-5719-4a03-89cf-3506e5200dd2";"2026-03-20";"2026-03-20T12:43:27+00:00";"2026-03-20T21:04:33+00:00";"2026-03-20T22:04:27+00:00";"2026-03-20T22:04:30+00:00";"2026-03-20T22:04:31+00:00";"2026-03-20T22:19:06+00:00";"480";"WORK";""
"7d6c6f55-4fc2-40c7-8d8c-b6ce975811a2";"10af27b6-820d-4142-a168-b43e8f261518";"2026-03-20";"2026-03-20T13:01:51+00:00";"2026-03-20T14:01:03+00:00";"2026-03-20T15:00:26+00:00";"2026-03-20T19:23:35+00:00";"2026-03-20T20:00:01+00:00";"2026-03-20T22:02:04+00:00";"480";"WORK";""
"2bbdd65f-f047-4a8a-b07c-fe226ac204f4";"27d83b80-0073-41d6-82f3-c7c9dc341db8";"2026-03-20";"2026-03-20T12:50:35+00:00";"2026-03-20T17:33:01+00:00";"2026-03-20T18:33:48+00:00";"2026-03-20T21:44:03+00:00";"2026-03-20T21:44:07+00:00";"2026-03-20T21:44:08+00:00";"480";"WORK";""
"fe0ed420-e880-4545-801e-1a852fefb2a4";"01f9409f-d074-4c85-b8aa-96be02f6ba07";"2026-03-20";"2026-03-20T13:05:41+00:00";"2026-03-20T15:21:32+00:00";"2026-03-20T16:19:37+00:00";"2026-03-20T20:02:30+00:00";"2026-03-20T20:02:31+00:00";"2026-03-20T20:02:33+00:00";"360";"WORK";""
"128a7492-0673-464f-83b4-2ad504a2391e";"01f9409f-d074-4c85-b8aa-96be02f6ba07";"2026-03-21";"2026-03-21T13:54:24+00:00";"2026-03-21T15:06:31+00:00";"2026-03-21T16:02:32+00:00";"2026-03-21T19:27:35+00:00";"2026-03-21T19:44:25+00:00";"2026-03-21T21:01:54+00:00";"0";"WORK";""
"910a9c53-f2d9-4216-8d90-3889ffabc3ba";"10af27b6-820d-4142-a168-b43e8f261518";"2026-03-21";"2026-03-21T13:03:40+00:00";"2026-03-21T14:00:49+00:00";"2026-03-21T14:59:28+00:00";"2026-03-21T19:37:02+00:00";"2026-03-21T20:01:38+00:00";"2026-03-21T22:01:54+00:00";"480";"WORK";""
"9a9ef1ad-a447-45b5-89e0-11e2f850c0a3";"6c62ccbf-5719-4a03-89cf-3506e5200dd2";"2026-03-21";"2026-03-21T12:29:43+00:00";"2026-03-21T17:29:13+00:00";"2026-03-21T17:29:19+00:00";"2026-03-21T17:29:20+00:00";"2026-03-21T17:29:22+00:00";"2026-03-21T17:35:08+00:00";"240";"WORK";""
"232a5fb5-1643-4c90-85e8-a2b3c3c0e30f";"10af27b6-820d-4142-a168-b43e8f261518";"2026-03-23";"2026-03-23T17:28:56+00:00";"2026-03-23T19:19:53+00:00";"2026-03-23T19:19:57+00:00";"2026-03-23T19:19:59+00:00";"2026-03-23T19:43:40+00:00";"2026-03-23T22:01:19+00:00";"240";"WORK";""
"507b2042-eead-496d-9c3d-4a63156e0908";"27d83b80-0073-41d6-82f3-c7c9dc341db8";"2026-03-23";"2026-03-23T13:04:59+00:00";"2026-03-23T17:33:28+00:00";"2026-03-23T17:33:29+00:00";"2026-03-23T17:33:31+00:00";"2026-03-23T17:33:32+00:00";"2026-03-23T17:33:34+00:00";"240";"WORK";""
"b59dd0b0-a2b5-4dee-96d2-5dd74636041a";"27d83b80-0073-41d6-82f3-c7c9dc341db8";"2026-03-24";"2026-03-24T12:52:47+00:00";"2026-03-24T17:00:29+00:00";"2026-03-24T17:59:47+00:00";"2026-03-24T20:50:54+00:00";"2026-03-24T21:11:20+00:00";"2026-03-24T21:32:39+00:00";"480";"WORK";""
"09ec2a60-9cae-4ed9-8b61-585bf7e840b3";"10af27b6-820d-4142-a168-b43e8f261518";"2026-03-24";"2026-03-24T12:58:32+00:00";"2026-03-24T14:09:26+00:00";"2026-03-24T15:08:27+00:00";"2026-03-24T19:34:50+00:00";"2026-03-24T19:53:40+00:00";"2026-03-24T22:01:27+00:00";"480";"WORK";""
"dbaaa43a-76fc-41d6-920c-d3fb82b72e8f";"01f9409f-d074-4c85-b8aa-96be02f6ba07";"2026-03-24";"2026-03-24T12:57:58+00:00";"2026-03-24T15:36:43+00:00";"2026-03-24T16:35:41+00:00";"2026-03-24T20:03:01+00:00";"2026-03-24T20:03:03+00:00";"2026-03-24T20:03:11+00:00";"360";"WORK";""
"02f82ebd-f179-4a80-98a2-5322409ca12a";"6c62ccbf-5719-4a03-89cf-3506e5200dd2";"2026-03-24";"2026-03-24T13:49:47+00:00";"2026-03-24T18:45:49+00:00";"2026-03-24T19:48:09+00:00";"2026-03-24T21:40:09+00:00";"2026-03-24T21:55:05+00:00";"2026-03-24T22:28:13+00:00";"480";"WORK";""
"55dea286-2f9e-4224-881b-856bd786ede4";"10af27b6-820d-4142-a168-b43e8f261518";"2026-03-25";"2026-03-25T13:01:19+00:00";"2026-03-25T14:09:03+00:00";"2026-03-25T15:06:14+00:00";"2026-03-25T19:33:08+00:00";"2026-03-25T19:48:51+00:00";"2026-03-25T22:02:35+00:00";"480";"WORK";""
"c5b041d4-c20d-4404-b23a-c491db191c77";"27d83b80-0073-41d6-82f3-c7c9dc341db8";"2026-03-25";"2026-03-25T12:49:27+00:00";"2026-03-25T17:54:54+00:00";"2026-03-25T18:56:42+00:00";"2026-03-25T21:01:01+00:00";"2026-03-25T21:17:40+00:00";"2026-03-25T21:34:37+00:00";"480";"WORK";""
"cf985d5f-158e-4f6c-8e13-a65e2a006f1f";"27d83b80-0073-41d6-82f3-c7c9dc341db8";"2026-03-26";"2026-03-26T13:09:31+00:00";"2026-03-26T17:27:10+00:00";"2026-03-26T18:28:32+00:00";"2026-03-26T20:33:12+00:00";"2026-03-26T20:48:45+00:00";"2026-03-26T22:20:52+00:00";"480";"WORK";""
"cc0af83d-432e-402c-85ce-3169a560f983";"10af27b6-820d-4142-a168-b43e8f261518";"2026-03-26";"2026-03-26T12:27:35+00:00";"2026-03-26T14:00:10+00:00";"2026-03-26T15:01:24+00:00";"2026-03-26T19:31:01+00:00";"2026-03-26T19:52:57+00:00";"2026-03-26T21:28:27+00:00";"480";"WORK";""
"c1db027d-b814-4a75-a117-4b6adb8f3efd";"01f9409f-d074-4c85-b8aa-96be02f6ba07";"2026-03-26";"2026-03-26T12:58:49+00:00";"2026-03-26T15:05:15+00:00";"2026-03-26T16:01:21+00:00";"2026-03-26T18:48:01+00:00";"2026-03-26T18:58:32+00:00";"2026-03-26T20:11:11+00:00";"360";"WORK";""
"f4bfb6a3-3832-45ef-809d-24661f1f9659";"27d83b80-0073-41d6-82f3-c7c9dc341db8";"2026-03-27";"2026-03-27T13:11:59+00:00";"2026-03-27T17:09:43+00:00";"2026-03-27T18:13:12+00:00";"2026-03-27T21:19:05+00:00";"2026-03-27T21:33:08+00:00";"2026-03-27T22:01:15+00:00";"480";"WORK";""
"9c9d9af5-4ed5-462e-a8c9-e599fc1f0dd0";"01f9409f-d074-4c85-b8aa-96be02f6ba07";"2026-03-27";"2026-03-27T12:59:55+00:00";"2026-03-27T15:02:34+00:00";"2026-03-27T16:00:21+00:00";"2026-03-27T19:05:55+00:00";"2026-03-27T19:17:15+00:00";"2026-03-27T20:20:06+00:00";"360";"WORK";""
"7c294147-3022-4c9d-aa3b-7b4cf8f02702";"10af27b6-820d-4142-a168-b43e8f261518";"2026-03-27";"2026-03-27T13:05:39+00:00";"2026-03-27T14:00:07+00:00";"2026-03-27T14:59:11+00:00";"2026-03-27T19:19:49+00:00";"2026-03-27T19:31:35+00:00";"2026-03-27T22:01:10+00:00";"480";"WORK";""
"19c074bb-82d8-40ea-b3bd-6adae50e5c6e";"10af27b6-820d-4142-a168-b43e8f261518";"2026-03-28";"2026-03-28T12:41:57+00:00";"2026-03-28T14:03:07+00:00";"2026-03-28T15:01:00+00:00";"2026-03-28T18:50:38+00:00";"2026-03-28T19:05:15+00:00";"2026-03-28T21:51:22+00:00";"480";"WORK";""
"fd4f989e-b8dd-4005-a314-a8e24fecab1b";"27d83b80-0073-41d6-82f3-c7c9dc341db8";"2026-03-28";"2026-03-28T13:01:58+00:00";"2026-03-28T17:23:58+00:00";"2026-03-28T18:26:57+00:00";"2026-03-28T20:36:46+00:00";"2026-03-28T20:52:16+00:00";"2026-03-28T22:06:36+00:00";"480";"WORK";""
"434633fc-403d-4721-b496-011a1be81c26";"10af27b6-820d-4142-a168-b43e8f261518";"2026-03-30";"2026-03-30T17:25:01+00:00";"2026-03-30T19:17:56+00:00";"2026-03-30T19:39:01+00:00";"2026-03-30T19:39:06+00:00";"2026-03-30T19:39:09+00:00";"2026-03-30T22:03:07+00:00";"240";"WORK";""
"f0396873-a9b4-4e84-8d32-b0e2209611f3";"6c62ccbf-5719-4a03-89cf-3506e5200dd2";"2026-03-30";"2026-03-30T12:39:59+00:00";"2026-03-30T19:50:27+00:00";"2026-03-30T20:50:54+00:00";"2026-03-30T22:03:24+00:00";"2026-03-30T22:03:26+00:00";"2026-03-30T22:14:05+00:00";"480";"WORK";""
"3c1ff0b6-c68b-42a8-a672-c50cc988843d";"27d83b80-0073-41d6-82f3-c7c9dc341db8";"2026-03-30";"2026-03-30T12:48:42+00:00";"2026-03-30T17:45:27+00:00";"2026-03-30T17:45:29+00:00";"2026-03-30T17:45:30+00:00";"2026-03-30T17:45:31+00:00";"2026-03-30T17:45:33+00:00";"240";"WORK";""
"4ca844ca-8405-4f81-abc7-f831a036ba0f";"10af27b6-820d-4142-a168-b43e8f261518";"2026-03-31";"2026-03-31T13:02:23+00:00";"2026-03-31T14:00:01+00:00";"2026-03-31T14:56:17+00:00";"2026-03-31T20:07:00+00:00";"2026-03-31T20:25:59+00:00";"2026-03-31T22:01:42+00:00";"480";"WORK";""
"5ef79d54-a7ad-45da-8848-9b9fad20aaa2";"01f9409f-d074-4c85-b8aa-96be02f6ba07";"2026-03-31";"2026-03-31T13:42:15+00:00";"2026-03-31T15:24:01+00:00";"2026-03-31T16:25:40+00:00";"2026-03-31T17:51:01+00:00";"2026-03-31T17:51:04+00:00";"2026-03-31T17:51:06+00:00";"360";"WORK";""
"4d60c801-3380-499d-a621-33a8328c9c50";"27d83b80-0073-41d6-82f3-c7c9dc341db8";"2026-03-31";"2026-03-31T13:01:20+00:00";"2026-03-31T16:36:24+00:00";"2026-03-31T17:31:10+00:00";"2026-03-31T20:47:16+00:00";"2026-03-31T21:03:44+00:00";"2026-03-31T22:01:37+00:00";"480";"WORK";""
"ed4c73d8-51da-4f14-ae42-3196c065c315";"6c62ccbf-5719-4a03-89cf-3506e5200dd2";"2026-04-01";"2026-04-01T13:15:01+00:00";"2026-04-01T17:43:48+00:00";"2026-04-01T17:43:53+00:00";"2026-04-01T17:43:55+00:00";"2026-04-01T17:43:57+00:00";"2026-04-01T17:43:58+00:00";"480";"WORK";""
"b11a2dc7-308d-4196-9d2e-b1085ead827d";"01f9409f-d074-4c85-b8aa-96be02f6ba07";"2026-04-01";"2026-04-01T13:05:18+00:00";"2026-04-01T15:07:48+00:00";"2026-04-01T16:07:21+00:00";"2026-04-01T20:08:34+00:00";"2026-04-01T20:08:37+00:00";"2026-04-01T20:08:40+00:00";"360";"WORK";""
"6e8a0c46-3898-4455-ab8c-a4a7fb9aceaa";"27d83b80-0073-41d6-82f3-c7c9dc341db8";"2026-04-01";"2026-04-01T13:14:14+00:00";"2026-04-01T17:52:45+00:00";"2026-04-01T18:56:05+00:00";"2026-04-01T20:57:08+00:00";"2026-04-01T21:15:00+00:00";"2026-04-01T22:03:39+00:00";"480";"WORK";""
"c29b9901-8972-428e-9135-47dba9d6dd51";"10af27b6-820d-4142-a168-b43e8f261518";"2026-04-01";"2026-04-01T12:36:25+00:00";"2026-04-01T14:07:34+00:00";"2026-04-01T15:09:20+00:00";"2026-04-01T19:49:27+00:00";"2026-04-01T21:35:32+00:00";"2026-04-01T21:35:38+00:00";"480";"WORK";""
"8758ed5b-91e5-44e7-a239-96edf0cf0117";"10af27b6-820d-4142-a168-b43e8f261518";"2026-04-02";"2026-04-02T12:36:38+00:00";"2026-04-02T14:00:03+00:00";"2026-04-02T14:59:09+00:00";"2026-04-02T20:21:33+00:00";"2026-04-02T20:41:21+00:00";"2026-04-02T21:30:35+00:00";"480";"WORK";""
"9f61e095-be2e-43e0-8fa6-8cd01aeecb23";"01f9409f-d074-4c85-b8aa-96be02f6ba07";"2026-04-02";"2026-04-02T13:02:27+00:00";"2026-04-02T15:07:06+00:00";"2026-04-02T16:07:38+00:00";"2026-04-02T20:02:35+00:00";"2026-04-02T20:02:38+00:00";"2026-04-02T20:02:41+00:00";"360";"WORK";""
"c73b5b9d-664d-4df7-9352-4a0f61703626";"27d83b80-0073-41d6-82f3-c7c9dc341db8";"2026-04-02";"2026-04-02T13:02:03+00:00";"2026-04-02T17:39:33+00:00";"2026-04-02T18:40:18+00:00";"2026-04-02T22:09:38+00:00";"2026-04-02T22:09:39+00:00";"2026-04-02T22:09:40+00:00";"480";"WORK";""
"213e9c2c-0402-4d14-9043-d626bff1d99d";"01f9409f-d074-4c85-b8aa-96be02f6ba07";"2026-04-04";"2026-04-04T12:57:16+00:00";"2026-04-04T15:02:21+00:00";"2026-04-04T16:00:50+00:00";"2026-04-04T20:21:43+00:00";"2026-04-04T20:35:05+00:00";"2026-04-04T21:00:06+00:00";"0";"WORK";""
"5d3b7395-a8e5-4634-8988-c9769b9cca3a";"27d83b80-0073-41d6-82f3-c7c9dc341db8";"2026-04-04";"2026-04-04T12:49:49+00:00";"2026-04-04T17:44:13+00:00";"2026-04-04T18:52:23+00:00";"2026-04-04T21:06:30+00:00";"2026-04-04T22:05:11+00:00";"2026-04-04T22:06:11+00:00";"480";"WORK";""
"320e511c-871d-4a17-9abc-4e7ba880dac0";"10af27b6-820d-4142-a168-b43e8f261518";"2026-04-04";"2026-04-04T12:59:36+00:00";"2026-04-04T14:01:00+00:00";"2026-04-04T15:01:03+00:00";"2026-04-04T20:02:46+00:00";"2026-04-04T20:20:17+00:00";"2026-04-04T22:06:19+00:00";"480";"WORK";""
"ae5d0e0c-7a02-4078-b70a-2401a74f1245";"10af27b6-820d-4142-a168-b43e8f261518";"2026-04-06";"2026-04-06T17:27:54+00:00";"2026-04-06T19:54:58+00:00";"2026-04-06T19:55:01+00:00";"2026-04-06T19:55:04+00:00";"2026-04-06T20:13:03+00:00";"2026-04-06T22:04:32+00:00";"240";"WORK";""
"723cf093-4017-4238-94c1-0c6bec1a5a6b";"27d83b80-0073-41d6-82f3-c7c9dc341db8";"2026-04-06";"2026-04-06T13:02:03+00:00";"2026-04-06T17:53:05+00:00";"2026-04-06T19:03:58+00:00";"2026-04-06T20:58:33+00:00";"2026-04-06T22:04:37+00:00";"2026-04-06T22:04:38+00:00";"240";"WORK";""
"3815f7ab-a3f6-4a86-b1ae-10d4a48c5f0c";"01f9409f-d074-4c85-b8aa-96be02f6ba07";"2026-04-07";"2026-04-07T12:59:22+00:00";"2026-04-07T15:13:31+00:00";"2026-04-07T15:39:12+00:00";"2026-04-07T19:34:22+00:00";"2026-04-07T19:45:21+00:00";"2026-04-07T20:08:39+00:00";"360";"WORK";""
"4256f337-e468-4784-9c0e-110ef58906aa";"27d83b80-0073-41d6-82f3-c7c9dc341db8";"2026-04-07";"2026-04-07T12:58:59+00:00";"2026-04-07T17:29:56+00:00";"2026-04-07T17:30:00+00:00";"2026-04-07T17:30:03+00:00";"2026-04-07T17:30:05+00:00";"2026-04-07T17:30:07+00:00";"480";"WORK";""
"1489b6b0-6aa4-4c60-ac9b-a25d1e59cf39";"10af27b6-820d-4142-a168-b43e8f261518";"2026-04-07";"2026-04-07T12:59:03+00:00";"2026-04-07T14:11:49+00:00";"2026-04-07T15:01:10+00:00";"2026-04-07T19:16:50+00:00";"2026-04-07T19:30:17+00:00";"2026-04-07T22:05:21+00:00";"480";"WORK";""
"c7c56de2-dfa8-4d7a-954d-620cb455bdf1";"27d83b80-0073-41d6-82f3-c7c9dc341db8";"2026-04-08";"2026-04-08T13:09:11+00:00";"2026-04-08T17:56:34+00:00";"2026-04-08T18:41:17+00:00";"2026-04-08T21:19:40+00:00";"2026-04-08T21:35:42+00:00";"2026-04-08T22:06:09+00:00";"480";"WORK";""
"fa9358bf-db93-49b4-8a85-ef600cc659a5";"01f9409f-d074-4c85-b8aa-96be02f6ba07";"2026-04-08";"2026-04-08T12:54:17+00:00";"2026-04-08T15:02:55+00:00";"2026-04-08T15:49:05+00:00";"2026-04-08T19:22:51+00:00";"2026-04-08T19:39:55+00:00";"2026-04-08T20:17:19+00:00";"360";"WORK";""
"1d8e0705-3190-4426-8d0b-8cd62480d4d2";"10af27b6-820d-4142-a168-b43e8f261518";"2026-04-08";"2026-04-08T12:35:05+00:00";"2026-04-08T14:00:05+00:00";"2026-04-08T14:59:27+00:00";"2026-04-08T19:49:04+00:00";"2026-04-08T20:08:05+00:00";"2026-04-08T21:30:13+00:00";"480";"WORK";""
"bb51ebeb-92c3-4831-95b7-30bcc9858202";"01f9409f-d074-4c85-b8aa-96be02f6ba07";"2026-04-09";"2026-04-09T13:01:54+00:00";"2026-04-09T15:03:54+00:00";"2026-04-09T15:50:24+00:00";"2026-04-09T19:09:45+00:00";"2026-04-09T19:22:55+00:00";"2026-04-09T20:25:45+00:00";"360";"WORK";""
"64bc0f38-c1c6-4db1-8c46-cad5a5c51eea";"6c62ccbf-5719-4a03-89cf-3506e5200dd2";"2026-04-10";"2026-04-10T13:28:28+00:00";"2026-04-10T19:02:22+00:00";"2026-04-10T19:44:02+00:00";"2026-04-10T22:15:50+00:00";"2026-04-10T22:15:52+00:00";"2026-04-10T22:15:54+00:00";"480";"WORK";""
"294406bf-ada4-4ef5-95d0-ae88b9984f4d";"10af27b6-820d-4142-a168-b43e8f261518";"2026-04-10";"2026-04-10T12:28:47+00:00";"2026-04-10T14:00:06+00:00";"2026-04-10T15:27:07+00:00";"2026-04-10T20:13:34+00:00";"2026-04-10T20:32:03+00:00";"2026-04-10T21:30:06+00:00";"480";"WORK";""
"73ca475d-ae81-4050-8334-816c622e21ac";"27d83b80-0073-41d6-82f3-c7c9dc341db8";"2026-04-10";"2026-04-10T13:12:07+00:00";"2026-04-10T17:48:30+00:00";"2026-04-10T18:50:43+00:00";"2026-04-10T21:14:57+00:00";"2026-04-10T21:16:15+00:00";"2026-04-10T22:17:29+00:00";"480";"WORK";""
"bd83e7f3-2072-4df7-a1a3-f8f52ead32b9";"27d83b80-0073-41d6-82f3-c7c9dc341db8";"2026-04-11";"2026-04-11T12:43:42+00:00";"2026-04-11T17:38:28+00:00";"2026-04-11T18:40:23+00:00";"2026-04-11T21:09:43+00:00";"2026-04-11T21:23:21+00:00";"2026-04-11T21:42:33+00:00";"480";"WORK";""
"ff22420c-53c0-4b90-87ad-207e7d00d117";"10af27b6-820d-4142-a168-b43e8f261518";"2026-04-11";"2026-04-11T12:59:58+00:00";"2026-04-11T14:00:12+00:00";"2026-04-11T14:59:14+00:00";"2026-04-11T20:25:18+00:00";"2026-04-11T20:41:49+00:00";"2026-04-11T22:06:40+00:00";"480";"WORK";""
"e2b47f4c-777f-4a65-97e8-b8db9ab48313";"6c62ccbf-5719-4a03-89cf-3506e5200dd2";"2026-04-13";"2026-04-13T13:35:38+00:00";"2026-04-13T18:47:52+00:00";"2026-04-13T19:25:15+00:00";"2026-04-13T22:37:19+00:00";"2026-04-13T22:37:31+00:00";"2026-04-13T22:37:34+00:00";"480";"WORK";""
"b10c3778-59b0-4abd-9b2d-459ecff57af2";"10af27b6-820d-4142-a168-b43e8f261518";"2026-04-13";"2026-04-13T17:27:55+00:00";"2026-04-13T19:30:44+00:00";"2026-04-13T19:30:46+00:00";"2026-04-13T19:30:48+00:00";"2026-04-13T19:50:12+00:00";"2026-04-13T22:12:23+00:00";"240";"WORK";""
"9d98aa66-3b88-425c-9735-154d57829f55";"27d83b80-0073-41d6-82f3-c7c9dc341db8";"2026-04-13";"2026-04-13T13:00:55+00:00";"2026-04-13T17:35:29+00:00";"2026-04-13T17:35:34+00:00";"2026-04-13T17:35:36+00:00";"2026-04-13T17:35:41+00:00";"2026-04-13T17:35:45+00:00";"240";"WORK";""
"a13e028e-8ac5-4c0a-8c93-490c4fdfe94f";"27d83b80-0073-41d6-82f3-c7c9dc341db8";"2026-04-15";"2026-04-15T13:16:19+00:00";"2026-04-15T16:17:56+00:00";"2026-04-15T17:17:17+00:00";"2026-04-15T21:04:39+00:00";"2026-04-15T21:17:10+00:00";"2026-04-15T22:10:45+00:00";"480";"WORK";""
"34be5288-a4bf-45d0-8fba-0ed28cfdfc50";"6c62ccbf-5719-4a03-89cf-3506e5200dd2";"2026-04-15";"2026-04-15T12:41:25+00:00";"2026-04-15T19:36:08+00:00";"2026-04-15T20:30:44+00:00";"2026-04-15T21:57:36+00:00";"2026-04-15T21:57:41+00:00";"2026-04-15T22:30:53+00:00";"480";"WORK";""
"03c5bd41-50ce-4469-b970-38f598177883";"10af27b6-820d-4142-a168-b43e8f261518";"2026-04-16";"2026-04-16T12:59:18+00:00";"2026-04-16T14:04:19+00:00";"2026-04-16T15:04:16+00:00";"2026-04-16T19:41:58+00:00";"2026-04-16T20:04:03+00:00";"2026-04-16T22:02:46+00:00";"480";"WORK";""
"cd233db7-0646-4ab4-88cb-466f44b56a62";"27d83b80-0073-41d6-82f3-c7c9dc341db8";"2026-04-16";"2026-04-16T13:05:20+00:00";"2026-04-16T17:32:44+00:00";"2026-04-16T18:37:54+00:00";"2026-04-16T21:14:17+00:00";"2026-04-16T21:29:18+00:00";"2026-04-16T22:02:22+00:00";"480";"WORK";""
"e3f8b986-3119-4ec8-bf49-2f472c4aa47c";"01f9409f-d074-4c85-b8aa-96be02f6ba07";"2026-04-16";"2026-04-16T12:58:49+00:00";"2026-04-16T15:05:30+00:00";"2026-04-16T16:05:07+00:00";"2026-04-16T20:12:54+00:00";"2026-04-16T20:12:58+00:00";"2026-04-16T20:13:00+00:00";"360";"WORK";""
"b18abf60-6d7b-4f02-97b0-b1757718b762";"01f9409f-d074-4c85-b8aa-96be02f6ba07";"2026-04-17";"2026-04-17T12:56:46+00:00";"2026-04-17T15:08:26+00:00";"2026-04-17T16:02:53+00:00";"2026-04-17T19:33:32+00:00";"2026-04-17T19:44:38+00:00";"2026-04-17T19:44:42+00:00";"360";"WORK";""
"0ddf99fa-bc2a-4af9-88d4-270e935ca2b2";"6c62ccbf-5719-4a03-89cf-3506e5200dd2";"2026-04-17";"2026-04-17T13:19:01+00:00";"2026-04-17T19:05:53+00:00";"2026-04-17T20:13:07+00:00";"2026-04-17T20:32:59+00:00";"2026-04-17T20:58:36+00:00";"2026-04-17T22:15:34+00:00";"480";"WORK";""
"9f7b8515-f5fe-4922-b3b7-609a9ce26c17";"27d83b80-0073-41d6-82f3-c7c9dc341db8";"2026-04-17";"2026-04-17T12:51:50+00:00";"2026-04-17T17:35:46+00:00";"2026-04-17T18:32:23+00:00";"2026-04-17T21:03:01+00:00";"2026-04-17T21:19:45+00:00";"2026-04-17T22:08:22+00:00";"480";"WORK";""
"7ffb1868-688a-4dbb-bdc3-f52979e496dd";"10af27b6-820d-4142-a168-b43e8f261518";"2026-04-17";"2026-04-17T13:01:34+00:00";"2026-04-17T14:07:01+00:00";"2026-04-17T15:06:42+00:00";"2026-04-17T20:43:00+00:00";"2026-04-17T20:58:01+00:00";"2026-04-17T22:08:30+00:00";"480";"WORK";""
"db6a43e8-d64b-4316-843f-b129c0d1ea15";"27d83b80-0073-41d6-82f3-c7c9dc341db8";"2026-04-18";"2026-04-18T14:07:03+00:00";"2026-04-18T17:46:31+00:00";"2026-04-18T18:42:07+00:00";"2026-04-18T21:39:45+00:00";"2026-04-18T21:56:49+00:00";"2026-04-18T22:37:06+00:00";"480";"WORK";""
"52025996-339a-4d40-bf07-40a5ee6e2bbf";"10af27b6-820d-4142-a168-b43e8f261518";"2026-04-18";"2026-04-18T12:30:48+00:00";"2026-04-18T14:01:30+00:00";"2026-04-18T14:57:05+00:00";"2026-04-18T20:24:56+00:00";"2026-04-18T20:44:36+00:00";"2026-04-18T21:30:15+00:00";"480";"WORK";""
"19e6895a-37ae-484d-8f84-15ba0aa7e620";"01f9409f-d074-4c85-b8aa-96be02f6ba07";"2026-04-20";"2026-04-20T13:05:30+00:00";"2026-04-20T14:56:16+00:00";"2026-04-20T15:56:06+00:00";"2026-04-20T20:07:20+00:00";"2026-04-20T20:07:25+00:00";"2026-04-20T20:07:29+00:00";"360";"WORK";""
"b1af40ce-de8f-4590-80e0-97d263df8529";"27d83b80-0073-41d6-82f3-c7c9dc341db8";"2026-04-20";"2026-04-20T12:57:16+00:00";"2026-04-20T18:32:20+00:00";"2026-04-20T19:39:41+00:00";"2026-04-20T21:45:46+00:00";"2026-04-20T22:02:22+00:00";"2026-04-20T22:02:25+00:00";"240";"WORK";""
"75a7729b-9206-4264-bfac-afc887918537";"27d83b80-0073-41d6-82f3-c7c9dc341db8";"2026-04-21";"2026-04-21T12:48:25+00:00";"2026-04-21T17:34:08+00:00";"2026-04-21T18:37:47+00:00";"2026-04-21T21:02:00+00:00";"2026-04-21T21:02:02+00:00";"2026-04-21T21:02:03+00:00";"480";"WORK";""
"823142ee-030b-4c3d-985b-d5022809d1f8";"10af27b6-820d-4142-a168-b43e8f261518";"2026-04-21";"2026-04-21T12:53:32+00:00";"2026-04-21T14:00:24+00:00";"2026-04-21T14:58:09+00:00";"2026-04-21T19:16:30+00:00";"2026-04-21T19:30:41+00:00";"2026-04-21T21:01:53+00:00";"480";"WORK";""
"b0972306-f51f-4221-94a0-a564941f2c38";"01f9409f-d074-4c85-b8aa-96be02f6ba07";"2026-04-22";"2026-04-22T13:00:50+00:00";"2026-04-22T15:11:34+00:00";"2026-04-22T16:10:04+00:00";"2026-04-22T20:02:11+00:00";"2026-04-22T20:02:15+00:00";"2026-04-22T20:02:17+00:00";"360";"WORK";""
"d7a098cc-d285-4fa3-814b-829fbbc85233";"10af27b6-820d-4142-a168-b43e8f261518";"2026-04-22";"2026-04-22T17:29:36+00:00";"2026-04-22T20:04:03+00:00";"2026-04-22T20:04:07+00:00";"2026-04-22T20:04:09+00:00";"2026-04-22T20:20:16+00:00";"2026-04-22T22:02:51+00:00";"480";"WORK";""
"5dc07646-0330-4f22-af26-750ddfcba6b7";"6c62ccbf-5719-4a03-89cf-3506e5200dd2";"2026-04-22";"2026-04-22T13:21:21+00:00";"2026-04-22T18:39:01+00:00";"2026-04-22T19:35:20+00:00";"2026-04-22T22:09:50+00:00";"2026-04-22T22:09:54+00:00";"2026-04-22T22:09:55+00:00";"480";"WORK";""
"d8bd1e80-f235-40e3-ae35-c0c1a45d517d";"27d83b80-0073-41d6-82f3-c7c9dc341db8";"2026-04-23";"2026-04-23T12:56:59+00:00";"2026-04-23T17:28:33+00:00";"2026-04-23T18:29:44+00:00";"2026-04-23T21:03:18+00:00";"2026-04-23T21:03:23+00:00";"2026-04-23T21:03:25+00:00";"480";"WORK";""
"3925f58f-a6fe-43b4-9657-c4e8a8af6586";"6c62ccbf-5719-4a03-89cf-3506e5200dd2";"2026-04-23";"2026-04-23T12:29:02+00:00";"2026-04-23T18:35:37+00:00";"2026-04-23T19:37:49+00:00";"2026-04-23T21:11:58+00:00";"2026-04-23T21:11:59+00:00";"2026-04-23T21:12:01+00:00";"480";"WORK";""
"201e6e6e-a2b1-4050-b36e-02fa0fdf1e2f";"10af27b6-820d-4142-a168-b43e8f261518";"2026-04-24";"2026-04-24T12:57:52+00:00";"2026-04-24T14:05:54+00:00";"2026-04-24T15:03:06+00:00";"2026-04-24T19:40:38+00:00";"2026-04-24T20:00:33+00:00";"";"480";"WORK";""
"4626ed86-e3c9-49e0-9c68-3bb5ce1f50bf";"01f9409f-d074-4c85-b8aa-96be02f6ba07";"2026-04-24";"2026-04-24T13:03:05+00:00";"2026-04-24T15:03:38+00:00";"2026-04-24T16:02:58+00:00";"2026-04-24T17:32:24+00:00";"2026-04-24T17:44:54+00:00";"2026-04-24T20:34:54+00:00";"360";"WORK";""
"f7497b56-3109-4630-896c-630cd59cf953";"27d83b80-0073-41d6-82f3-c7c9dc341db8";"2026-04-24";"2026-04-24T12:55:12+00:00";"2026-04-24T17:31:42+00:00";"2026-04-24T17:31:45+00:00";"2026-04-24T17:31:46+00:00";"2026-04-24T17:31:48+00:00";"2026-04-24T17:31:49+00:00";"480";"WORK";""
"569a0c0f-b43f-4ad0-8a33-bd82e68b664d";"6c62ccbf-5719-4a03-89cf-3506e5200dd2";"2026-04-24";"2026-04-24T12:45:49+00:00";"2026-04-24T19:25:25+00:00";"2026-04-24T20:47:07+00:00";"2026-04-24T21:26:20+00:00";"2026-04-24T21:26:25+00:00";"2026-04-24T22:21:00+00:00";"480";"WORK";""
"2fd3a360-71f0-4fa1-93cf-7cf996301bbd";"10af27b6-820d-4142-a168-b43e8f261518";"2026-04-25";"2026-04-25T13:00:07+00:00";"2026-04-25T14:15:53+00:00";"2026-04-25T15:12:25+00:00";"2026-04-25T20:41:51+00:00";"2026-04-25T20:58:39+00:00";"2026-04-25T22:23:56+00:00";"480";"WORK";""
"f12eac49-6a97-4b8a-92e9-041bf6072ad8";"27d83b80-0073-41d6-82f3-c7c9dc341db8";"2026-04-25";"2026-04-25T13:13:19+00:00";"2026-04-25T18:29:23+00:00";"2026-04-25T19:26:11+00:00";"2026-04-25T22:24:05+00:00";"2026-04-25T22:24:06+00:00";"2026-04-25T22:24:07+00:00";"480";"WORK";""
"68fe132e-1239-4112-8ed9-ca7eb58b01d7";"27d83b80-0073-41d6-82f3-c7c9dc341db8";"2026-04-27";"2026-04-27T13:18:16+00:00";"2026-04-27T17:43:25+00:00";"2026-04-27T17:43:29+00:00";"2026-04-27T17:43:31+00:00";"2026-04-27T17:43:34+00:00";"2026-04-27T17:43:36+00:00";"240";"WORK";""
"eaed5bbf-bc67-43d0-8bc3-2dfe7ccb93db";"10af27b6-820d-4142-a168-b43e8f261518";"2026-04-27";"2026-04-27T17:28:04+00:00";"2026-04-27T19:32:21+00:00";"2026-04-27T19:32:28+00:00";"2026-04-27T19:32:37+00:00";"2026-04-27T19:50:26+00:00";"2026-04-27T22:13:21+00:00";"240";"WORK";""
"58343ee3-d5d6-4bf1-b140-6f38fb61dc61";"01f9409f-d074-4c85-b8aa-96be02f6ba07";"2026-04-27";"2026-04-27T12:56:50+00:00";"2026-04-27T15:16:57+00:00";"2026-04-27T16:04:16+00:00";"2026-04-27T19:02:55+00:00";"2026-04-27T19:14:33+00:00";"2026-04-27T20:06:22+00:00";"360";"WORK";""
"32bf8b3d-93a9-49bd-a311-3b5680e887d7";"6c62ccbf-5719-4a03-89cf-3506e5200dd2";"2026-04-27";"2026-04-27T12:41:09+00:00";"2026-04-27T18:45:22+00:00";"2026-04-27T19:46:12+00:00";"2026-04-27T22:09:33+00:00";"2026-04-27T22:09:37+00:00";"2026-04-27T22:17:03+00:00";"480";"WORK";""
"9fc4a0fc-166d-446c-ba24-3630c6de7cbf";"10af27b6-820d-4142-a168-b43e8f261518";"2026-04-28";"2026-04-28T12:53:43+00:00";"2026-04-28T14:00:02+00:00";"2026-04-28T14:57:53+00:00";"2026-04-28T19:44:44+00:00";"2026-04-28T20:04:27+00:00";"2026-04-28T22:01:53+00:00";"480";"WORK";""
"72a074d8-94c2-4fa5-ae5a-3a0e1450c408";"27d83b80-0073-41d6-82f3-c7c9dc341db8";"2026-04-28";"2026-04-28T12:59:38+00:00";"2026-04-28T17:10:07+00:00";"2026-04-28T18:09:54+00:00";"2026-04-28T21:01:08+00:00";"2026-04-28T21:24:04+00:00";"2026-04-28T22:01:46+00:00";"480";"WORK";""
"8a133380-aac1-46a4-a523-330c53267907";"6c62ccbf-5719-4a03-89cf-3506e5200dd2";"2026-04-28";"2026-04-28T12:42:13+00:00";"2026-04-28T19:09:06+00:00";"2026-04-28T20:18:54+00:00";"2026-04-28T22:04:51+00:00";"2026-04-28T22:04:55+00:00";"2026-04-28T22:15:59+00:00";"480";"WORK";""
"b85522ea-59b6-4dd0-b7b3-c1721b617f46";"27d83b80-0073-41d6-82f3-c7c9dc341db8";"2026-04-29";"2026-04-29T13:11:31+00:00";"2026-04-29T17:06:33+00:00";"2026-04-29T18:15:04+00:00";"2026-04-29T20:59:55+00:00";"2026-04-29T21:24:36+00:00";"2026-04-29T22:07:24+00:00";"480";"WORK";""
"6c0f1695-6fff-491b-82de-3c6b31d5377b";"10af27b6-820d-4142-a168-b43e8f261518";"2026-04-29";"2026-04-29T12:55:24+00:00";"2026-04-29T14:09:56+00:00";"2026-04-29T15:12:50+00:00";"2026-04-29T19:34:22+00:00";"2026-04-29T19:54:21+00:00";"2026-04-29T22:07:31+00:00";"480";"WORK";""
"a84c4e6e-65b6-4c3e-ba88-7414f1ed7592";"01f9409f-d074-4c85-b8aa-96be02f6ba07";"2026-04-29";"2026-04-29T12:57:36+00:00";"2026-04-29T15:38:05+00:00";"2026-04-29T16:41:28+00:00";"2026-04-29T19:55:54+00:00";"2026-04-29T20:05:06+00:00";"2026-04-29T20:16:02+00:00";"360";"WORK";""
"f027903f-df66-453e-b2c2-28105545fede";"6c62ccbf-5719-4a03-89cf-3506e5200dd2";"2026-04-30";"2026-04-30T12:46:34+00:00";"2026-04-30T17:28:59+00:00";"2026-04-30T18:30:34+00:00";"2026-04-30T22:19:07+00:00";"2026-04-30T22:19:09+00:00";"2026-04-30T22:29:05+00:00";"480";"WORK";""
"b5a48995-f272-42a5-8b66-80ca812b30d7";"01f9409f-d074-4c85-b8aa-96be02f6ba07";"2026-04-30";"2026-04-30T13:04:25+00:00";"2026-04-30T15:05:13+00:00";"2026-04-30T16:36:37+00:00";"2026-04-30T20:04:09+00:00";"2026-04-30T20:04:13+00:00";"2026-04-30T20:04:16+00:00";"360";"WORK";""
"ca77d07d-2293-4b63-9757-1bca150e33d5";"10af27b6-820d-4142-a168-b43e8f261518";"2026-04-30";"2026-04-30T12:57:33+00:00";"2026-04-30T14:00:23+00:00";"2026-04-30T15:00:56+00:00";"2026-04-30T20:01:22+00:00";"2026-04-30T20:25:08+00:00";"2026-04-30T22:13:22+00:00";"480";"WORK";""
"d4ae140e-eff4-430c-9c00-ff7f8891385c";"27d83b80-0073-41d6-82f3-c7c9dc341db8";"2026-04-30";"2026-04-30T12:59:13+00:00";"2026-04-30T17:05:54+00:00";"2026-04-30T18:06:01+00:00";"2026-04-30T20:29:02+00:00";"2026-04-30T20:29:28+00:00";"2026-04-30T22:13:25+00:00";"480";"WORK";""
"b656e0bc-5e87-4157-bcc4-f2f51dd860d3";"27d83b80-0073-41d6-82f3-c7c9dc341db8";"2026-05-02";"2026-05-02T12:54:14+00:00";"2026-05-02T17:55:41+00:00";"2026-05-02T18:51:57+00:00";"2026-05-02T21:27:10+00:00";"2026-05-02T21:41:11+00:00";"2026-05-02T22:07:17+00:00";"480";"WORK";""
"f5b93cc6-d425-45f7-9d84-141f89e7373f";"10af27b6-820d-4142-a168-b43e8f261518";"2026-05-02";"2026-05-02T12:56:41+00:00";"2026-05-02T14:01:44+00:00";"2026-05-02T14:55:48+00:00";"2026-05-02T19:47:05+00:00";"2026-05-02T20:03:33+00:00";"2026-05-02T22:07:24+00:00";"480";"WORK";""
"d2e403db-1328-467f-b111-892a9cab0a7f";"10af27b6-820d-4142-a168-b43e8f261518";"2026-05-04";"2026-05-04T17:23:34+00:00";"2026-05-04T19:25:59+00:00";"2026-05-04T19:26:03+00:00";"2026-05-04T19:26:07+00:00";"2026-05-04T19:43:27+00:00";"2026-05-04T22:03:29+00:00";"240";"WORK";""
"8f46eb3d-bc61-4f6a-aa57-37cc416481d7";"27d83b80-0073-41d6-82f3-c7c9dc341db8";"2026-05-04";"2026-05-04T12:41:34+00:00";"2026-05-04T17:30:07+00:00";"2026-05-04T17:30:11+00:00";"2026-05-04T17:30:13+00:00";"2026-05-04T17:30:15+00:00";"2026-05-04T17:30:17+00:00";"240";"WORK";""
"4bf84a42-a70d-4a55-820f-3b3cd3f5b17f";"6c62ccbf-5719-4a03-89cf-3506e5200dd2";"2026-05-04";"2026-05-04T13:09:50+00:00";"2026-05-04T19:48:31+00:00";"2026-05-04T20:41:31+00:00";"2026-05-04T22:17:48+00:00";"2026-05-04T22:17:51+00:00";"2026-05-04T22:17:53+00:00";"480";"WORK";""
"131d38e1-57c0-46be-ab3d-f89d4697506a";"01f9409f-d074-4c85-b8aa-96be02f6ba07";"2026-05-04";"2026-05-04T12:58:56+00:00";"2026-05-04T15:13:24+00:00";"2026-05-04T16:12:56+00:00";"2026-05-04T20:01:25+00:00";"2026-05-04T20:01:31+00:00";"2026-05-04T20:01:33+00:00";"360";"WORK";""
"b7232d7c-6b8a-4f8d-86dc-c175367f62cb";"10af27b6-820d-4142-a168-b43e8f261518";"2026-05-05";"2026-05-05T12:44:19+00:00";"2026-05-05T14:02:47+00:00";"2026-05-05T14:58:35+00:00";"2026-05-05T20:07:10+00:00";"2026-05-05T20:20:44+00:00";"2026-05-05T22:01:56+00:00";"480";"WORK";""
"ea63b683-d4b0-4daf-8197-3cbfbe6297a9";"01f9409f-d074-4c85-b8aa-96be02f6ba07";"2026-05-05";"2026-05-05T12:56:04+00:00";"2026-05-05T16:10:38+00:00";"2026-05-05T17:04:48+00:00";"2026-05-05T20:19:21+00:00";"2026-05-05T20:19:24+00:00";"2026-05-05T20:19:27+00:00";"360";"WORK";""
"5d177e34-84b3-41ad-ab22-66d5c6140893";"6c62ccbf-5719-4a03-89cf-3506e5200dd2";"2026-05-05";"2026-05-05T13:03:51+00:00";"2026-05-05T18:43:12+00:00";"2026-05-05T19:45:39+00:00";"2026-05-05T22:29:39+00:00";"2026-05-05T22:29:41+00:00";"2026-05-05T22:29:43+00:00";"480";"WORK";""
"eb3f8947-7541-4137-a77e-bead8bfb929f";"27d83b80-0073-41d6-82f3-c7c9dc341db8";"2026-05-06";"2026-05-06T13:08:54+00:00";"2026-05-06T16:06:29+00:00";"2026-05-06T17:08:57+00:00";"2026-05-06T21:05:58+00:00";"2026-05-06T21:22:28+00:00";"2026-05-06T22:01:39+00:00";"480";"WORK";""
"51a9f1ab-1679-4c03-b78d-f3b3aefa49f6";"10af27b6-820d-4142-a168-b43e8f261518";"2026-05-06";"2026-05-06T13:01:29+00:00";"2026-05-06T14:20:22+00:00";"2026-05-06T14:20:26+00:00";"2026-05-06T14:20:30+00:00";"2026-05-06T14:27:58+00:00";"2026-05-06T22:01:36+00:00";"480";"WORK";""
"411a4c9d-ed9d-47ce-90ce-1f45a386b65f";"01f9409f-d074-4c85-b8aa-96be02f6ba07";"2026-05-06";"2026-05-06T13:01:44+00:00";"2026-05-06T15:04:29+00:00";"2026-05-06T16:03:52+00:00";"2026-05-06T20:01:00+00:00";"2026-05-06T20:01:05+00:00";"2026-05-06T20:01:07+00:00";"360";"WORK";""
"5cca49f8-6b11-49fa-98bf-d82009c68d79";"6c62ccbf-5719-4a03-89cf-3506e5200dd2";"2026-05-07";"2026-05-07T12:38:16+00:00";"2026-05-07T18:24:11+00:00";"2026-05-07T19:24:46+00:00";"2026-05-07T20:48:40+00:00";"2026-05-07T21:01:28+00:00";"2026-05-07T22:15:18+00:00";"480";"WORK";""
"1c2eb055-2569-4ed7-aaaf-d190dca38644";"01f9409f-d074-4c85-b8aa-96be02f6ba07";"2026-05-07";"2026-05-07T12:57:12+00:00";"2026-05-07T15:13:50+00:00";"2026-05-07T16:02:01+00:00";"2026-05-07T20:00:41+00:00";"2026-05-07T20:00:45+00:00";"2026-05-07T20:00:48+00:00";"360";"WORK";""
"2905a0a5-ad48-4dae-8e70-9bfcd36a23d9";"27d83b80-0073-41d6-82f3-c7c9dc341db8";"2026-05-07";"2026-05-07T12:58:47+00:00";"2026-05-07T16:57:06+00:00";"2026-05-07T18:00:26+00:00";"2026-05-07T21:19:14+00:00";"2026-05-07T21:59:39+00:00";"2026-05-07T22:08:28+00:00";"480";"WORK";""
"6271d411-2d06-4517-b3f4-d915cccc9b26";"10af27b6-820d-4142-a168-b43e8f261518";"2026-05-07";"2026-05-07T12:54:24+00:00";"2026-05-07T14:08:16+00:00";"2026-05-07T15:06:34+00:00";"2026-05-07T20:02:25+00:00";"2026-05-07T20:21:46+00:00";"2026-05-07T22:08:31+00:00";"480";"WORK";""
"9a4552af-9c5e-475e-84ea-89351d7458e0";"6c62ccbf-5719-4a03-89cf-3506e5200dd2";"2026-05-08";"2026-05-08T12:42:45+00:00";"2026-05-08T19:50:55+00:00";"2026-05-08T20:46:59+00:00";"2026-05-08T21:48:44+00:00";"2026-05-08T21:48:49+00:00";"2026-05-08T22:21:02+00:00";"480";"WORK";""
"967f49a8-c94d-4dc4-9a31-a927d4a6ea9a";"10af27b6-820d-4142-a168-b43e8f261518";"2026-05-08";"2026-05-08T12:58:41+00:00";"2026-05-08T14:36:56+00:00";"2026-05-08T15:35:35+00:00";"2026-05-08T20:20:28+00:00";"2026-05-08T20:38:33+00:00";"2026-05-08T22:03:40+00:00";"480";"WORK";""
"4ff79f75-6c27-477d-8407-58bd9c85025b";"27d83b80-0073-41d6-82f3-c7c9dc341db8";"2026-05-08";"2026-05-08T13:08:30+00:00";"2026-05-08T17:18:26+00:00";"2026-05-08T18:19:16+00:00";"2026-05-08T20:56:44+00:00";"2026-05-08T21:09:38+00:00";"2026-05-08T22:03:45+00:00";"480";"WORK";""
"ac2fe112-38d1-4c07-bc23-48dd57662719";"01f9409f-d074-4c85-b8aa-96be02f6ba07";"2026-05-08";"2026-05-08T12:57:32+00:00";"2026-05-08T15:17:19+00:00";"2026-05-08T16:13:31+00:00";"2026-05-08T20:03:42+00:00";"2026-05-08T20:03:50+00:00";"2026-05-08T20:03:56+00:00";"360";"WORK";""
"babd6109-e55f-4772-bf26-faf3a46aa86c";"6c62ccbf-5719-4a03-89cf-3506e5200dd2";"2026-05-09";"2026-05-09T12:27:16+00:00";"2026-05-09T17:23:40+00:00";"2026-05-09T17:23:42+00:00";"2026-05-09T17:23:43+00:00";"2026-05-09T17:23:44+00:00";"2026-05-09T17:23:46+00:00";"240";"WORK";""
"88651a2f-d0b4-44ab-ae60-ed522aa27ca7";"10af27b6-820d-4142-a168-b43e8f261518";"2026-05-09";"2026-05-09T13:01:08+00:00";"2026-05-09T14:02:38+00:00";"2026-05-09T15:02:57+00:00";"2026-05-09T19:46:22+00:00";"2026-05-09T20:03:47+00:00";"2026-05-09T22:02:07+00:00";"480";"WORK";""
"32e844f4-18eb-4937-864d-a430932ac98b";"27d83b80-0073-41d6-82f3-c7c9dc341db8";"2026-05-09";"2026-05-09T13:13:11+00:00";"2026-05-09T17:04:43+00:00";"2026-05-09T18:04:38+00:00";"2026-05-09T20:49:54+00:00";"2026-05-09T21:07:42+00:00";"2026-05-09T22:02:11+00:00";"480";"WORK";""
"75974834-e1c7-4082-bfa8-f4b965d3625e";"27d83b80-0073-41d6-82f3-c7c9dc341db8";"2026-05-11";"2026-05-11T13:05:28+00:00";"2026-05-11T17:33:16+00:00";"2026-05-11T17:33:19+00:00";"2026-05-11T17:33:20+00:00";"2026-05-11T17:33:23+00:00";"2026-05-11T17:33:26+00:00";"240";"WORK";""
"b27c824f-8877-419b-b721-2ad9ff894e9a";"6c62ccbf-5719-4a03-89cf-3506e5200dd2";"2026-05-11";"2026-05-11T12:41:31+00:00";"2026-05-11T19:00:31+00:00";"2026-05-11T20:03:11+00:00";"2026-05-11T21:52:50+00:00";"2026-05-11T21:52:55+00:00";"2026-05-11T22:06:28+00:00";"480";"WORK";""
"61c21d2a-f063-4c18-bf2d-b25164e4e8f4";"10af27b6-820d-4142-a168-b43e8f261518";"2026-05-11";"2026-05-11T17:20:03+00:00";"2026-05-11T20:40:43+00:00";"2026-05-11T20:40:46+00:00";"2026-05-11T20:40:49+00:00";"2026-05-11T20:56:09+00:00";"2026-05-11T22:06:34+00:00";"240";"WORK";""
"9ce964ef-e479-4184-889f-316d5a0efea6";"01f9409f-d074-4c85-b8aa-96be02f6ba07";"2026-05-11";"2026-05-11T12:56:36+00:00";"2026-05-11T15:09:14+00:00";"2026-05-11T15:57:39+00:00";"2026-05-11T20:09:05+00:00";"2026-05-11T20:09:08+00:00";"2026-05-11T20:09:10+00:00";"360";"WORK";""
"1f70495f-07f2-45f9-867d-af157f9a970d";"27d83b80-0073-41d6-82f3-c7c9dc341db8";"2026-05-12";"2026-05-12T13:03:32+00:00";"2026-05-12T17:12:24+00:00";"2026-05-12T18:13:59+00:00";"2026-05-12T21:12:00+00:00";"2026-05-12T21:29:26+00:00";"2026-05-12T22:01:10+00:00";"480";"WORK";""
"bace10bd-970b-40f6-8701-41b3833d1eb7";"01f9409f-d074-4c85-b8aa-96be02f6ba07";"2026-05-12";"2026-05-12T12:59:02+00:00";"2026-05-12T15:09:56+00:00";"2026-05-12T16:06:39+00:00";"2026-05-12T20:11:38+00:00";"2026-05-12T20:11:42+00:00";"2026-05-12T20:11:45+00:00";"360";"WORK";""
"a5117829-7f72-47a2-a6bb-66c676fc3799";"10af27b6-820d-4142-a168-b43e8f261518";"2026-05-12";"2026-05-12T13:01:05+00:00";"2026-05-12T14:00:50+00:00";"2026-05-12T14:58:15+00:00";"2026-05-12T20:46:59+00:00";"2026-05-12T21:06:15+00:00";"2026-05-12T22:01:14+00:00";"480";"WORK";""
"c90a1e6b-2e2f-4c13-aa30-d90e5961df2f";"6c62ccbf-5719-4a03-89cf-3506e5200dd2";"2026-05-12";"2026-05-12T12:40:14+00:00";"2026-05-12T20:07:16+00:00";"2026-05-12T20:07:55+00:00";"2026-05-12T20:40:56+00:00";"2026-05-12T21:45:36+00:00";"2026-05-12T22:18:47+00:00";"480";"WORK";""
"cde2d630-feea-4a07-83df-3c832ad0d1e7";"01f9409f-d074-4c85-b8aa-96be02f6ba07";"2026-05-13";"2026-05-13T12:58:54+00:00";"2026-05-13T15:02:31+00:00";"2026-05-13T16:03:24+00:00";"2026-05-13T20:00:07+00:00";"2026-05-13T20:00:12+00:00";"2026-05-13T20:00:15+00:00";"360";"WORK";""
"2f2553bc-b8de-4f89-a56d-a365c8b195ed";"27d83b80-0073-41d6-82f3-c7c9dc341db8";"2026-05-13";"2026-05-13T13:10:22+00:00";"2026-05-13T17:03:21+00:00";"2026-05-13T18:03:18+00:00";"2026-05-13T20:49:28+00:00";"2026-05-13T21:05:08+00:00";"2026-05-13T22:02:38+00:00";"480";"WORK";""
"e8549647-c628-447a-8053-c35ccce0234e";"6c62ccbf-5719-4a03-89cf-3506e5200dd2";"2026-05-13";"2026-05-13T12:37:50+00:00";"2026-05-13T20:16:41+00:00";"2026-05-13T21:21:38+00:00";"2026-05-13T21:49:37+00:00";"2026-05-13T21:49:39+00:00";"2026-05-13T22:33:31+00:00";"480";"WORK";""
"039dfd18-6d91-46bb-97f2-073ad334f531";"10af27b6-820d-4142-a168-b43e8f261518";"2026-05-13";"2026-05-13T12:59:39+00:00";"2026-05-13T14:01:58+00:00";"2026-05-13T14:57:38+00:00";"2026-05-13T20:07:28+00:00";"2026-05-13T20:22:45+00:00";"2026-05-13T22:02:29+00:00";"480";"WORK";""
"39cecb97-f070-44a2-8925-d38dcd2b3499";"6c62ccbf-5719-4a03-89cf-3506e5200dd2";"2026-05-14";"2026-05-14T12:30:27+00:00";"2026-05-14T18:41:43+00:00";"2026-05-14T19:47:11+00:00";"2026-05-14T21:39:56+00:00";"2026-05-14T21:39:58+00:00";"2026-05-14T22:06:10+00:00";"480";"WORK";""
"b8e97638-1613-403b-84f8-a70c99a0a3bd";"27d83b80-0073-41d6-82f3-c7c9dc341db8";"2026-05-14";"2026-05-14T12:58:57+00:00";"2026-05-14T17:20:13+00:00";"2026-05-14T18:18:59+00:00";"2026-05-14T21:20:51+00:00";"2026-05-14T21:38:36+00:00";"2026-05-14T22:01:10+00:00";"480";"WORK";""
"c016fa4e-b59d-4fbf-be7a-cbc3447bf0ae";"01f9409f-d074-4c85-b8aa-96be02f6ba07";"2026-05-14";"2026-05-14T13:03:56+00:00";"2026-05-14T15:19:57+00:00";"2026-05-14T16:16:28+00:00";"2026-05-14T20:01:31+00:00";"2026-05-14T20:01:35+00:00";"2026-05-14T20:01:37+00:00";"360";"WORK";""
"f8d62f45-edda-467a-a8c7-d3ae9121c696";"10af27b6-820d-4142-a168-b43e8f261518";"2026-05-14";"2026-05-14T12:56:13+00:00";"2026-05-14T14:07:43+00:00";"2026-05-14T15:09:17+00:00";"2026-05-14T19:52:30+00:00";"2026-05-14T20:07:42+00:00";"2026-05-14T22:01:14+00:00";"480";"WORK";""
"ce033768-ecd7-412c-add6-ca0deda0cec2";"6c62ccbf-5719-4a03-89cf-3506e5200dd2";"2026-05-15";"2026-05-15T12:47:02+00:00";"2026-05-15T19:27:03+00:00";"2026-05-15T20:32:06+00:00";"2026-05-15T22:05:58+00:00";"2026-05-15T22:06:00+00:00";"2026-05-15T22:06:03+00:00";"480";"WORK";""
"32258139-1e95-4e29-a8b3-f09ae3a62a28";"10af27b6-820d-4142-a168-b43e8f261518";"2026-05-15";"2026-05-15T12:56:25+00:00";"2026-05-15T14:06:03+00:00";"2026-05-15T15:03:07+00:00";"2026-05-15T19:36:03+00:00";"2026-05-15T19:53:54+00:00";"2026-05-15T22:05:31+00:00";"480";"WORK";""
"e8308740-0535-4944-b9f6-cf075e653407";"01f9409f-d074-4c85-b8aa-96be02f6ba07";"2026-05-15";"2026-05-15T13:00:56+00:00";"2026-05-15T15:15:21+00:00";"2026-05-15T16:15:41+00:00";"2026-05-15T20:01:09+00:00";"2026-05-15T20:01:12+00:00";"2026-05-15T20:01:14+00:00";"360";"WORK";""
"f95e6cca-9478-45ed-bc53-68e1464cc40c";"27d83b80-0073-41d6-82f3-c7c9dc341db8";"2026-05-15";"2026-05-15T13:06:21+00:00";"2026-05-15T17:01:19+00:00";"2026-05-15T18:09:24+00:00";"2026-05-15T22:03:50+00:00";"2026-05-15T22:03:54+00:00";"2026-05-15T22:03:57+00:00";"480";"WORK";""
"20ad0112-9ba8-4eb5-9d59-9b1cf6e3084d";"27d83b80-0073-41d6-82f3-c7c9dc341db8";"2026-05-16";"2026-05-16T13:17:25+00:00";"2026-05-16T17:35:36+00:00";"2026-05-16T18:34:44+00:00";"2026-05-16T21:00:55+00:00";"2026-05-16T21:17:39+00:00";"2026-05-16T22:10:21+00:00";"480";"WORK";""
"89527c19-1134-45e8-b109-c1d00aa54907";"10af27b6-820d-4142-a168-b43e8f261518";"2026-05-16";"2026-05-16T12:55:46+00:00";"2026-05-16T15:03:54+00:00";"2026-05-16T16:04:11+00:00";"2026-05-16T20:14:29+00:00";"2026-05-16T20:32:09+00:00";"2026-05-16T22:10:25+00:00";"480";"WORK";""
"5c15a805-bf3b-43f4-a4d4-7814146b2adf";"01f9409f-d074-4c85-b8aa-96be02f6ba07";"2026-05-18";"2026-05-18T13:00:22+00:00";"2026-05-18T15:02:58+00:00";"2026-05-18T16:00:58+00:00";"2026-05-18T20:00:40+00:00";"2026-05-18T20:00:45+00:00";"2026-05-18T20:00:52+00:00";"360";"WORK";""
"5920c62b-2c20-4888-8a95-b8127b5c9958";"10af27b6-820d-4142-a168-b43e8f261518";"2026-05-18";"2026-05-18T17:21:35+00:00";"2026-05-18T19:11:11+00:00";"2026-05-18T19:11:16+00:00";"2026-05-18T19:11:18+00:00";"2026-05-18T19:30:10+00:00";"";"240";"WORK";""
"5afbc399-8d65-40a1-b4c6-e7769b56e497";"6c62ccbf-5719-4a03-89cf-3506e5200dd2";"2026-05-18";"2026-05-18T13:00:28+00:00";"2026-05-18T20:03:49+00:00";"2026-05-18T21:08:19+00:00";"2026-05-18T22:09:47+00:00";"2026-05-18T22:09:58+00:00";"2026-05-18T22:13:42+00:00";"480";"WORK";""
"0eece237-f125-4117-a95c-47a8201d475a";"27d83b80-0073-41d6-82f3-c7c9dc341db8";"2026-05-18";"2026-05-18T13:09:49+00:00";"2026-05-18T17:32:35+00:00";"2026-05-18T17:32:38+00:00";"2026-05-18T17:32:39+00:00";"2026-05-18T17:32:40+00:00";"2026-05-18T17:32:42+00:00";"240";"WORK";""
"1b9bd1a6-8400-4b38-a88c-2b447f805d27";"27d83b80-0073-41d6-82f3-c7c9dc341db8";"2026-05-19";"2026-05-19T13:11:20+00:00";"2026-05-19T17:07:11+00:00";"2026-05-19T18:05:07+00:00";"2026-05-19T21:07:35+00:00";"2026-05-19T21:26:19+00:00";"2026-05-19T22:01:37+00:00";"480";"WORK";""
"18b4654d-8624-4f19-938c-82539bbf3747";"01f9409f-d074-4c85-b8aa-96be02f6ba07";"2026-05-19";"2026-05-19T12:57:25+00:00";"2026-05-19T15:19:35+00:00";"2026-05-19T16:19:28+00:00";"2026-05-19T20:03:36+00:00";"2026-05-19T20:03:40+00:00";"2026-05-19T20:03:42+00:00";"360";"WORK";""
"d9236b3b-afe3-4cca-b39f-11825ff84294";"6c62ccbf-5719-4a03-89cf-3506e5200dd2";"2026-05-19";"2026-05-19T12:41:32+00:00";"2026-05-19T18:07:32+00:00";"2026-05-19T19:09:34+00:00";"2026-05-19T21:44:34+00:00";"2026-05-19T21:44:38+00:00";"2026-05-19T22:14:22+00:00";"480";"WORK";""
"ffd3b73e-7450-4a9e-974d-1379e1165378";"10af27b6-820d-4142-a168-b43e8f261518";"2026-05-19";"2026-05-19T13:00:59+00:00";"2026-05-19T14:00:39+00:00";"2026-05-19T14:58:18+00:00";"2026-05-19T20:05:53+00:00";"2026-05-19T20:22:58+00:00";"2026-05-19T22:01:33+00:00";"480";"WORK";""
"0d91caa3-f82c-4e6c-85a6-fb7f68c0956a";"10af27b6-820d-4142-a168-b43e8f261518";"2026-05-20";"2026-05-20T13:09:53+00:00";"2026-05-20T14:17:46+00:00";"2026-05-20T15:14:54+00:00";"2026-05-20T20:25:17+00:00";"2026-05-20T20:41:25+00:00";"2026-05-20T22:02:34+00:00";"480";"WORK";""
"89be76b3-2433-407c-bf8c-9a875162df40";"6c62ccbf-5719-4a03-89cf-3506e5200dd2";"2026-05-21";"2026-05-21T12:39:54+00:00";"2026-05-21T19:38:00+00:00";"2026-05-21T20:37:16+00:00";"2026-05-21T22:07:53+00:00";"2026-05-21T22:07:57+00:00";"2026-05-21T22:12:04+00:00";"480";"WORK";""
"fc27b282-99f2-482f-a766-e9b33a5a492f";"01f9409f-d074-4c85-b8aa-96be02f6ba07";"2026-05-21";"2026-05-21T13:04:54+00:00";"2026-05-21T15:05:14+00:00";"2026-05-21T16:02:02+00:00";"2026-05-21T20:01:25+00:00";"2026-05-21T20:01:31+00:00";"2026-05-21T20:01:35+00:00";"360";"WORK";""
"14f40cb9-962b-4cb9-b85d-38790b705207";"27d83b80-0073-41d6-82f3-c7c9dc341db8";"2026-05-21";"2026-05-21T13:16:23+00:00";"2026-05-21T17:06:43+00:00";"2026-05-21T18:13:14+00:00";"2026-05-21T20:57:21+00:00";"2026-05-21T21:13:19+00:00";"2026-05-21T22:13:03+00:00";"480";"WORK";""
"47568ae8-444c-4c3f-8091-7970e5d3631b";"10af27b6-820d-4142-a168-b43e8f261518";"2026-05-21";"2026-05-21T12:58:22+00:00";"2026-05-21T14:03:44+00:00";"2026-05-21T15:02:13+00:00";"2026-05-21T20:23:19+00:00";"2026-05-21T20:40:09+00:00";"2026-05-21T22:08:01+00:00";"480";"WORK";""
"7c60e779-9743-4a91-9dbd-9524802c48e5";"6c62ccbf-5719-4a03-89cf-3506e5200dd2";"2026-05-22";"2026-05-22T12:42:20+00:00";"2026-05-22T19:12:51+00:00";"2026-05-22T20:17:32+00:00";"2026-05-22T22:15:43+00:00";"2026-05-22T22:15:45+00:00";"2026-05-22T22:20:14+00:00";"480";"WORK";""
"e931959f-fa95-4bc5-8522-d654bfc8a4a8";"10af27b6-820d-4142-a168-b43e8f261518";"2026-05-22";"2026-05-22T12:57:25+00:00";"2026-05-22T14:03:54+00:00";"2026-05-22T15:04:53+00:00";"2026-05-22T20:16:10+00:00";"2026-05-22T20:35:14+00:00";"2026-05-22T22:14:59+00:00";"480";"WORK";""
"5d86325a-47d2-4a85-a334-823df05bd851";"27d83b80-0073-41d6-82f3-c7c9dc341db8";"2026-05-22";"2026-05-22T12:57:22+00:00";"2026-05-22T17:14:59+00:00";"2026-05-22T18:12:08+00:00";"2026-05-22T20:59:09+00:00";"2026-05-22T21:13:35+00:00";"2026-05-22T22:15:07+00:00";"480";"WORK";""
"00778056-0e68-4260-9d74-37d8a14e63a6";"10af27b6-820d-4142-a168-b43e8f261518";"2026-05-23";"2026-05-23T13:00:24+00:00";"2026-05-23T14:00:40+00:00";"2026-05-23T14:56:00+00:00";"2026-05-23T20:28:48+00:00";"2026-05-23T20:45:24+00:00";"2026-05-23T22:04:33+00:00";"480";"WORK";""
"f36e4746-789d-408a-a62c-585463b25419";"6c62ccbf-5719-4a03-89cf-3506e5200dd2";"2026-05-23";"2026-05-23T12:24:55+00:00";"2026-05-23T14:25:05+00:00";"2026-05-23T14:25:08+00:00";"2026-05-23T14:25:09+00:00";"2026-05-23T14:25:11+00:00";"2026-05-23T14:25:12+00:00";"240";"WORK";""
"de8f0911-69c9-464e-b338-91b5b27ead96";"6c62ccbf-5719-4a03-89cf-3506e5200dd2";"2026-05-25";"2026-05-25T12:37:06+00:00";"2026-05-25T18:05:01+00:00";"2026-05-25T19:10:24+00:00";"2026-05-25T22:25:28+00:00";"2026-05-25T22:25:57+00:00";"2026-05-25T22:25:59+00:00";"480";"WORK";""
"5e8ab283-b5f3-43c9-947a-93ecc94808f6";"10af27b6-820d-4142-a168-b43e8f261518";"2026-05-25";"2026-05-25T17:25:43+00:00";"2026-05-25T19:13:45+00:00";"2026-05-25T19:13:54+00:00";"2026-05-25T19:13:57+00:00";"2026-05-25T19:32:32+00:00";"2026-05-25T22:03:20+00:00";"240";"WORK";""
"a4393904-ad7c-4a95-9b28-c16288b0f82f";"27d83b80-0073-41d6-82f3-c7c9dc341db8";"2026-05-25";"2026-05-25T13:08:57+00:00";"2026-05-25T17:43:43+00:00";"2026-05-25T17:43:47+00:00";"2026-05-25T17:43:48+00:00";"2026-05-25T17:43:51+00:00";"2026-05-25T17:43:54+00:00";"240";"WORK";""
"13417ea1-2cd4-4fd1-9856-a8f25517a7b4";"01f9409f-d074-4c85-b8aa-96be02f6ba07";"2026-05-25";"2026-05-25T12:57:39+00:00";"2026-05-25T15:02:09+00:00";"2026-05-25T16:02:19+00:00";"2026-05-25T21:40:28+00:00";"2026-05-25T21:53:09+00:00";"2026-05-25T22:01:19+00:00";"360";"WORK";""
"0873e4e8-aa84-476c-9c42-36c1fa2efab4";"27d83b80-0073-41d6-82f3-c7c9dc341db8";"2026-05-26";"2026-05-26T13:36:45+00:00";"2026-05-26T17:03:40+00:00";"2026-05-26T18:03:23+00:00";"2026-05-26T22:05:06+00:00";"2026-05-26T22:05:07+00:00";"2026-05-26T22:05:08+00:00";"480";"WORK";""
"adb98136-276a-4825-bbf7-c2f2120de6e4";"6c62ccbf-5719-4a03-89cf-3506e5200dd2";"2026-05-26";"2026-05-26T12:34:58+00:00";"2026-05-26T18:18:58+00:00";"2026-05-26T19:20:38+00:00";"2026-05-26T21:54:27+00:00";"2026-05-26T21:54:31+00:00";"2026-05-26T22:07:13+00:00";"480";"WORK";""
"f5b6e04f-0fbd-4144-973f-7ca5adb7dc17";"10af27b6-820d-4142-a168-b43e8f261518";"2026-05-26";"2026-05-26T12:59:08+00:00";"2026-05-26T14:02:08+00:00";"2026-05-26T15:05:15+00:00";"2026-05-26T19:28:26+00:00";"2026-05-26T19:49:14+00:00";"2026-05-26T22:05:10+00:00";"480";"WORK";""
"6cba26cd-f9e0-4733-8ee0-99fa04c48da8";"01f9409f-d074-4c85-b8aa-96be02f6ba07";"2026-05-26";"2026-05-26T12:59:56+00:00";"2026-05-26T15:00:27+00:00";"2026-05-26T15:58:42+00:00";"2026-05-26T20:02:17+00:00";"2026-05-26T20:02:21+00:00";"2026-05-26T20:02:23+00:00";"360";"WORK";""
"7a4a4edf-986b-4003-9503-7f347fdba00a";"10af27b6-820d-4142-a168-b43e8f261518";"2026-05-27";"2026-05-27T13:00:26+00:00";"2026-05-27T14:00:29+00:00";"2026-05-27T15:04:34+00:00";"2026-05-27T19:40:17+00:00";"2026-05-27T20:00:05+00:00";"2026-05-27T22:01:21+00:00";"480";"WORK";""
"34c824e5-9cbe-4b70-bda4-57c72fdebdd1";"6c62ccbf-5719-4a03-89cf-3506e5200dd2";"2026-05-27";"2026-05-27T12:35:35+00:00";"2026-05-27T20:43:33+00:00";"2026-05-27T22:16:35+00:00";"2026-05-27T22:18:29+00:00";"2026-05-27T22:18:31+00:00";"2026-05-27T22:18:36+00:00";"480";"WORK";""
"c16c0449-382a-43df-98f1-9da25e4f9bf9";"27d83b80-0073-41d6-82f3-c7c9dc341db8";"2026-05-27";"2026-05-27T13:03:24+00:00";"2026-05-27T17:15:06+00:00";"2026-05-27T17:16:26+00:00";"2026-05-27T21:06:41+00:00";"2026-05-27T21:17:24+00:00";"2026-05-27T22:01:16+00:00";"480";"WORK";""
"ea943154-f20e-4356-9996-eacea2b33a22";"01f9409f-d074-4c85-b8aa-96be02f6ba07";"2026-05-27";"2026-05-27T12:59:17+00:00";"2026-05-27T15:01:00+00:00";"2026-05-27T16:01:10+00:00";"2026-05-27T19:28:53+00:00";"2026-05-27T19:37:23+00:00";"2026-05-27T20:10:49+00:00";"360";"WORK";""
"21cefa39-e8a2-41f9-8177-38dddceed2e3";"6c62ccbf-5719-4a03-89cf-3506e5200dd2";"2026-05-28";"2026-05-28T12:43:46+00:00";"2026-05-28T20:09:30+00:00";"2026-05-28T21:06:35+00:00";"2026-05-28T22:30:19+00:00";"2026-05-28T22:30:22+00:00";"2026-05-28T22:33:03+00:00";"480";"WORK";""
"5bd7bb89-5397-4d0c-8133-5b8c8e4c2db2";"01f9409f-d074-4c85-b8aa-96be02f6ba07";"2026-05-28";"2026-05-28T13:02:29+00:00";"2026-05-28T15:12:35+00:00";"2026-05-28T16:16:58+00:00";"2026-05-28T20:05:25+00:00";"2026-05-28T20:05:29+00:00";"2026-05-28T20:05:31+00:00";"360";"WORK";""
"2a6d1ef4-6ffd-4256-93ee-abf1c402aadf";"10af27b6-820d-4142-a168-b43e8f261518";"2026-05-28";"2026-05-28T12:59:43+00:00";"2026-05-28T14:03:40+00:00";"2026-05-28T15:05:36+00:00";"2026-05-28T19:48:35+00:00";"2026-05-28T20:08:35+00:00";"2026-05-28T22:36:54+00:00";"480";"WORK";""
"2fe42b1e-061a-44d9-88aa-00b5288d2972";"27d83b80-0073-41d6-82f3-c7c9dc341db8";"2026-05-28";"2026-05-28T13:24:18+00:00";"2026-05-28T17:44:01+00:00";"2026-05-28T18:44:58+00:00";"2026-05-28T22:48:58+00:00";"2026-05-28T22:49:00+00:00";"2026-05-28T22:49:01+00:00";"480";"WORK";""
"80a0c3fb-2ca0-4ea7-a21b-99d5ae8da1b2";"10af27b6-820d-4142-a168-b43e8f261518";"2026-05-29";"2026-05-29T12:59:53+00:00";"2026-05-29T14:01:38+00:00";"2026-05-29T15:06:21+00:00";"2026-05-29T19:50:51+00:00";"2026-05-29T20:08:32+00:00";"2026-05-29T22:01:41+00:00";"480";"WORK";""
"a76bef7c-163a-4a70-8dff-77961a14bc6e";"01f9409f-d074-4c85-b8aa-96be02f6ba07";"2026-05-29";"2026-05-29T13:00:32+00:00";"2026-05-29T17:49:36+00:00";"2026-05-29T18:13:20+00:00";"2026-05-29T21:42:36+00:00";"2026-05-29T21:42:40+00:00";"2026-05-29T21:42:43+00:00";"360";"WORK";""
"dce3eb43-ae50-4601-a8bc-106a3ba6a739";"6c62ccbf-5719-4a03-89cf-3506e5200dd2";"2026-05-29";"2026-05-29T12:40:26+00:00";"2026-05-29T18:15:08+00:00";"2026-05-29T19:12:34+00:00";"2026-05-29T22:21:57+00:00";"2026-05-29T22:21:59+00:00";"2026-05-29T22:22:02+00:00";"480";"WORK";""
"7d8bd2f9-bc15-4713-bb4c-d021fda12e7a";"27d83b80-0073-41d6-82f3-c7c9dc341db8";"2026-05-29";"2026-05-29T13:04:47+00:00";"2026-05-29T16:51:26+00:00";"2026-05-29T18:09:44+00:00";"2026-05-29T21:06:15+00:00";"2026-05-29T21:16:51+00:00";"2026-05-29T22:01:47+00:00";"480";"WORK";""
"141d65a9-3597-4278-bfce-c74112f857ca";"27d83b80-0073-41d6-82f3-c7c9dc341db8";"2026-05-30";"2026-05-30T12:53:40+00:00";"2026-05-30T17:39:58+00:00";"2026-05-30T18:35:21+00:00";"2026-05-30T21:11:30+00:00";"2026-05-30T21:32:14+00:00";"2026-05-30T22:34:59+00:00";"480";"WORK";""
"82eeb2a4-615c-42d4-ac07-5d767690ac58";"27d83b80-0073-41d6-82f3-c7c9dc341db8";"2026-06-01";"2026-06-01T12:53:55+00:00";"2026-06-01T17:59:41+00:00";"2026-06-01T17:59:44+00:00";"2026-06-01T17:59:45+00:00";"2026-06-01T17:59:47+00:00";"2026-06-01T17:59:49+00:00";"240";"WORK";""
"f09422ff-2ea7-4e51-a176-78d67d88c6b0";"01f9409f-d074-4c85-b8aa-96be02f6ba07";"2026-06-01";"2026-06-01T13:01:16+00:00";"2026-06-01T15:01:39+00:00";"2026-06-01T16:01:02+00:00";"2026-06-01T16:43:22+00:00";"2026-06-01T20:52:24+00:00";"2026-06-01T20:52:26+00:00";"360";"WORK";""
"bbccffe8-59f7-4ea2-b3cb-42e702887bae";"6c62ccbf-5719-4a03-89cf-3506e5200dd2";"2026-06-01";"2026-06-01T13:25:20+00:00";"2026-06-01T20:52:32+00:00";"2026-06-01T21:52:50+00:00";"2026-06-01T21:52:55+00:00";"2026-06-01T21:52:56+00:00";"2026-06-01T22:35:50+00:00";"480";"WORK";""
"02290e9e-06f4-4fcb-b948-388d83bbc946";"10af27b6-820d-4142-a168-b43e8f261518";"2026-06-01";"2026-06-01T17:31:05+00:00";"2026-06-01T20:05:01+00:00";"2026-06-01T20:05:04+00:00";"2026-06-01T20:05:05+00:00";"2026-06-01T20:28:23+00:00";"2026-06-01T22:01:55+00:00";"240";"WORK";""
"547bb5dc-6c2d-4cfa-9c4f-5f9c9a29e542";"6c62ccbf-5719-4a03-89cf-3506e5200dd2";"2026-06-02";"2026-06-02T12:37:53+00:00";"2026-06-02T21:02:05+00:00";"2026-06-02T22:03:33+00:00";"2026-06-02T22:03:35+00:00";"2026-06-02T22:03:36+00:00";"2026-06-02T22:09:47+00:00";"480";"WORK";""
"da89bdde-2412-4fe4-90d7-7a0e49046a78";"10af27b6-820d-4142-a168-b43e8f261518";"2026-06-02";"2026-06-02T13:01:52+00:00";"2026-06-02T14:02:03+00:00";"2026-06-02T15:02:04+00:00";"2026-06-02T19:24:55+00:00";"2026-06-02T19:43:32+00:00";"2026-06-02T22:02:00+00:00";"480";"WORK";""
"2d4815bc-10ba-4e30-a105-cdb82bed5504";"01f9409f-d074-4c85-b8aa-96be02f6ba07";"2026-06-02";"2026-06-02T12:57:33+00:00";"2026-06-02T15:07:46+00:00";"2026-06-02T16:04:49+00:00";"2026-06-02T20:03:16+00:00";"2026-06-02T20:03:20+00:00";"2026-06-02T20:03:22+00:00";"360";"WORK";""
"18394b8f-8614-4ef5-afd3-ba11c7ed47b8";"27d83b80-0073-41d6-82f3-c7c9dc341db8";"2026-06-02";"2026-06-02T13:18:37+00:00";"2026-06-02T17:00:23+00:00";"2026-06-02T17:58:16+00:00";"2026-06-02T21:04:01+00:00";"2026-06-02T21:20:29+00:00";"2026-06-02T22:01:54+00:00";"480";"WORK";""
"1ff3edd7-30c4-4851-8b27-4369a203bb39";"55d4b834-65d7-46a9-952d-e0915aa921b8";"2026-06-02";"2026-06-02T13:09:26+00:00";"2026-06-02T15:08:38+00:00";"2026-06-02T16:01:40+00:00";"2026-06-02T18:37:24+00:00";"2026-06-02T18:54:22+00:00";"2026-06-02T22:00:28+00:00";"480";"WORK";""
"aaba991d-4f7d-45dd-97ab-24b109517580";"6c62ccbf-5719-4a03-89cf-3506e5200dd2";"2026-06-03";"2026-06-03T12:38:31+00:00";"2026-06-03T19:40:18+00:00";"2026-06-03T21:24:22+00:00";"2026-06-03T22:20:36+00:00";"2026-06-03T22:20:40+00:00";"2026-06-03T22:20:48+00:00";"480";"WORK";""
"fb24c574-2682-488e-9fcc-3f29a5e3951d";"01f9409f-d074-4c85-b8aa-96be02f6ba07";"2026-06-03";"2026-06-03T12:58:38+00:00";"2026-06-03T15:03:25+00:00";"2026-06-03T15:13:32+00:00";"2026-06-03T18:56:03+00:00";"2026-06-03T19:10:13+00:00";"";"360";"WORK";""
"b43c1aaf-f52f-4a75-9773-ba02217b9262";"27d83b80-0073-41d6-82f3-c7c9dc341db8";"2026-06-03";"2026-06-03T13:09:52+00:00";"2026-06-03T17:02:07+00:00";"2026-06-03T18:02:08+00:00";"2026-06-03T20:41:13+00:00";"2026-06-03T20:54:40+00:00";"2026-06-03T22:02:14+00:00";"480";"WORK";""
"ca73414e-6b4c-4e3d-9c7f-c5a6beda5471";"55d4b834-65d7-46a9-952d-e0915aa921b8";"2026-06-03";"2026-06-03T13:06:44+00:00";"2026-06-03T15:51:23+00:00";"2026-06-03T16:14:48+00:00";"2026-06-03T16:14:52+00:00";"2026-06-03T16:14:54+00:00";"2026-06-03T17:51:07+00:00";"480";"WORK";""
"d9776534-5885-4808-b322-b843f6940e32";"10af27b6-820d-4142-a168-b43e8f261518";"2026-06-03";"2026-06-03T13:01:12+00:00";"2026-06-03T14:04:30+00:00";"2026-06-03T15:13:59+00:00";"2026-06-03T19:15:12+00:00";"2026-06-03T19:37:10+00:00";"2026-06-03T22:02:17+00:00";"480";"WORK";""
"6978eb25-0066-406d-bb0b-14eb59a68f64";"6c62ccbf-5719-4a03-89cf-3506e5200dd2";"2026-06-04";"2026-06-04T12:26:09+00:00";"2026-06-04T18:51:21+00:00";"2026-06-04T19:40:31+00:00";"2026-06-04T21:04:47+00:00";"2026-06-04T21:04:51+00:00";"2026-06-04T21:04:54+00:00";"480";"WORK";""
"c4947917-1fd7-4dac-8538-d2951b6dbf73";"10af27b6-820d-4142-a168-b43e8f261518";"2026-06-04";"2026-06-04T13:01:14+00:00";"2026-06-04T14:02:08+00:00";"2026-06-04T15:03:18+00:00";"2026-06-04T21:02:30+00:00";"2026-06-04T21:02:34+00:00";"2026-06-04T21:02:35+00:00";"480";"WORK";""
"85d61027-af18-4cdb-ae1c-5029896800e6";"27d83b80-0073-41d6-82f3-c7c9dc341db8";"2026-06-05";"2026-06-05T13:11:09+00:00";"2026-06-05T18:05:53+00:00";"2026-06-05T19:10:07+00:00";"2026-06-05T21:19:21+00:00";"2026-06-05T22:14:47+00:00";"2026-06-05T22:14:51+00:00";"480";"WORK";""
"1e1ac595-01d8-4908-9f96-fa0692d98813";"01f9409f-d074-4c85-b8aa-96be02f6ba07";"2026-06-05";"2026-06-05T13:06:26+00:00";"2026-06-05T15:06:01+00:00";"2026-06-05T16:06:27+00:00";"2026-06-05T20:00:33+00:00";"2026-06-05T20:00:39+00:00";"2026-06-05T20:00:41+00:00";"360";"WORK";""
"ba96de85-ceb8-4736-8223-41464de7e23d";"55d4b834-65d7-46a9-952d-e0915aa921b8";"2026-06-05";"2026-06-05T13:17:58+00:00";"2026-06-05T15:44:38+00:00";"2026-06-05T16:42:34+00:00";"2026-06-05T20:12:19+00:00";"2026-06-05T20:25:37+00:00";"2026-06-05T22:14:55+00:00";"480";"WORK";""
"4512681a-2355-4c49-a42b-8fb19781b363";"55d4b834-65d7-46a9-952d-e0915aa921b8";"2026-06-06";"2026-06-06T13:08:49+00:00";"2026-06-06T15:47:45+00:00";"2026-06-06T16:40:33+00:00";"2026-06-06T16:40:36+00:00";"2026-06-06T16:40:40+00:00";"2026-06-06T22:25:08+00:00";"480";"WORK";""
"52c4758e-3a89-4236-8bc7-24c435747641";"27d83b80-0073-41d6-82f3-c7c9dc341db8";"2026-06-06";"2026-06-06T12:47:17+00:00";"2026-06-06T16:55:32+00:00";"2026-06-06T17:59:37+00:00";"2026-06-06T21:15:07+00:00";"2026-06-06T21:31:21+00:00";"2026-06-06T22:25:12+00:00";"480";"WORK";""
"ab197f20-9c5b-478b-8fa6-741fd073240f";"10af27b6-820d-4142-a168-b43e8f261518";"2026-06-06";"2026-06-06T13:25:04+00:00";"2026-06-06T14:27:46+00:00";"2026-06-06T15:28:15+00:00";"2026-06-06T20:51:53+00:00";"2026-06-06T21:12:19+00:00";"2026-06-06T22:25:14+00:00";"480";"WORK";""
"7015eb68-225f-4dff-b5c5-2a4bc3c18caa";"6c62ccbf-5719-4a03-89cf-3506e5200dd2";"2026-06-07";"2026-06-07T12:26:24+00:00";"2026-06-07T16:35:07+00:00";"2026-06-07T17:36:33+00:00";"2026-06-07T21:00:21+00:00";"2026-06-07T21:00:23+00:00";"2026-06-07T21:00:27+00:00";"0";"WORK";""
"3f1171dc-7a17-4054-b4f0-d0e8272e8d96";"10af27b6-820d-4142-a168-b43e8f261518";"2026-06-07";"2026-06-07T12:29:48+00:00";"2026-06-07T14:11:23+00:00";"2026-06-07T15:09:17+00:00";"2026-06-07T18:31:57+00:00";"2026-06-07T18:47:59+00:00";"2026-06-07T20:55:47+00:00";"0";"WORK";""
"21b8d784-527c-449f-883e-5aa38b2f16aa";"55d4b834-65d7-46a9-952d-e0915aa921b8";"2026-06-08";"2026-06-08T13:00:13+00:00";"2026-06-08T15:15:00+00:00";"2026-06-08T16:17:02+00:00";"2026-06-08T18:47:01+00:00";"2026-06-08T19:06:35+00:00";"2026-06-08T22:07:19+00:00";"480";"WORK";""
"066a1cd8-3c15-41a5-bf89-355afb724e52";"01f9409f-d074-4c85-b8aa-96be02f6ba07";"2026-06-08";"2026-06-08T15:05:00+00:00";"2026-06-08T15:10:04+00:00";"2026-06-08T17:42:42+00:00";"";"";"";"360";"WORK";""
"9114bc55-3dfc-471e-8dec-784ae77dabc1";"27d83b80-0073-41d6-82f3-c7c9dc341db8";"2026-06-08";"2026-06-08T13:09:58+00:00";"2026-06-08T17:49:00+00:00";"2026-06-08T17:49:03+00:00";"2026-06-08T17:49:04+00:00";"2026-06-08T18:35:57+00:00";"2026-06-08T18:36:01+00:00";"240";"WORK";""
"ff19e0b3-6ee4-44ea-b8ef-908e9a66581f";"27d83b80-0073-41d6-82f3-c7c9dc341db8";"2026-06-09";"2026-06-09T13:20:24+00:00";"2026-06-09T17:05:50+00:00";"2026-06-09T18:06:51+00:00";"2026-06-09T20:55:45+00:00";"2026-06-09T21:11:23+00:00";"2026-06-09T22:01:40+00:00";"480";"WORK";""
"5969233b-4fbf-493c-8dcd-572fc9d19c8d";"6c62ccbf-5719-4a03-89cf-3506e5200dd2";"2026-06-09";"2026-06-09T12:40:32+00:00";"2026-06-09T19:43:55+00:00";"2026-06-09T20:40:45+00:00";"2026-06-09T22:23:11+00:00";"2026-06-09T22:23:15+00:00";"2026-06-09T22:23:18+00:00";"480";"WORK";""
"8751cf4d-4ea7-4943-80a2-2903e319ccdf";"55d4b834-65d7-46a9-952d-e0915aa921b8";"2026-06-09";"2026-06-09T13:05:00+00:00";"2026-06-09T15:26:02+00:00";"2026-06-09T16:23:48+00:00";"2026-06-09T19:59:01+00:00";"2026-06-09T20:18:48+00:00";"2026-06-09T22:00:27+00:00";"480";"WORK";""
"2c2274d3-d820-4302-9c3a-1d5b97b64ee3";"10af27b6-820d-4142-a168-b43e8f261518";"2026-06-09";"2026-06-09T12:57:15+00:00";"2026-06-09T14:05:30+00:00";"2026-06-09T15:11:35+00:00";"2026-06-09T19:29:37+00:00";"2026-06-09T19:56:30+00:00";"2026-06-09T22:01:44+00:00";"480";"WORK";""
"a2f8e844-c57a-4c84-9576-070f28df3982";"10af27b6-820d-4142-a168-b43e8f261518";"2026-06-10";"2026-06-10T12:57:04+00:00";"2026-06-10T14:37:32+00:00";"2026-06-10T15:40:09+00:00";"2026-06-10T18:50:49+00:00";"2026-06-10T19:17:07+00:00";"2026-06-10T22:01:15+00:00";"480";"WORK";""
"1574157c-be24-4dba-9aa3-054236d3635f";"6c62ccbf-5719-4a03-89cf-3506e5200dd2";"2026-06-10";"2026-06-10T12:36:14+00:00";"2026-06-10T16:55:14+00:00";"2026-06-10T18:06:58+00:00";"2026-06-10T19:30:59+00:00";"2026-06-10T20:13:45+00:00";"2026-06-10T22:08:13+00:00";"480";"WORK";""
"e3223569-d6b5-4fd1-9fb6-b75afa658d10";"55d4b834-65d7-46a9-952d-e0915aa921b8";"2026-06-10";"2026-06-10T13:04:41+00:00";"2026-06-10T15:48:02+00:00";"2026-06-10T16:43:34+00:00";"2026-06-10T19:25:46+00:00";"2026-06-10T19:40:52+00:00";"2026-06-10T22:00:59+00:00";"480";"WORK";""
"a271cde9-b420-41ed-a436-cb0271d52ac8";"27d83b80-0073-41d6-82f3-c7c9dc341db8";"2026-06-10";"2026-06-10T13:12:38+00:00";"2026-06-10T17:01:16+00:00";"2026-06-10T17:58:57+00:00";"2026-06-10T21:00:52+00:00";"2026-06-10T21:18:51+00:00";"2026-06-10T22:01:10+00:00";"480";"WORK";""
"2cf8c464-dda0-4e21-b1a5-f6fd08cc9e27";"10af27b6-820d-4142-a168-b43e8f261518";"2026-06-11";"2026-06-11T12:59:42+00:00";"2026-06-11T14:01:26+00:00";"2026-06-11T15:03:51+00:00";"2026-06-11T19:39:43+00:00";"2026-06-11T19:58:00+00:00";"2026-06-11T22:01:34+00:00";"480";"WORK";""
"82a489ed-af42-49fd-a3d2-e278084f6b00";"27d83b80-0073-41d6-82f3-c7c9dc341db8";"2026-06-11";"2026-06-11T13:17:22+00:00";"2026-06-11T17:19:05+00:00";"2026-06-11T18:21:00+00:00";"2026-06-11T21:05:30+00:00";"2026-06-11T22:01:26+00:00";"2026-06-11T22:01:30+00:00";"480";"WORK";""
"5e6919ba-9ed3-4adc-9489-099507888f94";"6c62ccbf-5719-4a03-89cf-3506e5200dd2";"2026-06-11";"2026-06-11T12:38:50+00:00";"2026-06-11T19:50:01+00:00";"2026-06-11T20:52:40+00:00";"2026-06-11T22:22:44+00:00";"2026-06-11T22:22:48+00:00";"2026-06-11T22:22:49+00:00";"480";"WORK";""
"f6dbce4f-4707-42b3-94ac-f275c7ed65b8";"55d4b834-65d7-46a9-952d-e0915aa921b8";"2026-06-11";"2026-06-11T13:10:47+00:00";"2026-06-11T15:16:43+00:00";"2026-06-11T15:29:03+00:00";"2026-06-11T17:02:09+00:00";"2026-06-11T17:02:12+00:00";"2026-06-11T17:02:13+00:00";"240";"WORK";""
"7984d632-8df9-4dec-9bdd-f2a6a403fb10";"01f9409f-d074-4c85-b8aa-96be02f6ba07";"2026-06-11";"2026-06-11T13:18:37+00:00";"2026-06-11T15:15:37+00:00";"2026-06-11T16:15:12+00:00";"2026-06-11T20:30:56+00:00";"2026-06-11T20:30:59+00:00";"2026-06-11T20:31:03+00:00";"360";"WORK";""
"34e0cb14-7356-4690-aec8-56c9f4010d99";"01f9409f-d074-4c85-b8aa-96be02f6ba07";"2026-06-12";"2026-06-12T12:52:08+00:00";"2026-06-12T14:23:48+00:00";"2026-06-12T15:23:34+00:00";"2026-06-12T20:00:50+00:00";"2026-06-12T20:00:55+00:00";"2026-06-12T20:00:59+00:00";"360";"WORK";""
"03b888a1-d407-48d7-af7f-42dfd6f1f150";"6c62ccbf-5719-4a03-89cf-3506e5200dd2";"2026-06-12";"2026-06-12T12:36:52+00:00";"2026-06-12T18:17:43+00:00";"2026-06-12T19:17:12+00:00";"2026-06-12T22:06:33+00:00";"2026-06-12T22:06:35+00:00";"2026-06-12T22:11:01+00:00";"480";"WORK";""
"1391932a-7e8f-4086-84ef-28637bc5a368";"27d83b80-0073-41d6-82f3-c7c9dc341db8";"2026-06-12";"2026-06-12T13:12:05+00:00";"2026-06-12T17:00:51+00:00";"2026-06-12T18:03:57+00:00";"2026-06-12T20:44:37+00:00";"2026-06-12T21:04:54+00:00";"2026-06-12T22:03:51+00:00";"480";"WORK";""
"33bdeab6-6bb9-4770-bbb2-399215e44091";"55d4b834-65d7-46a9-952d-e0915aa921b8";"2026-06-12";"2026-06-12T12:59:08+00:00";"2026-06-12T15:04:56+00:00";"2026-06-12T16:09:31+00:00";"2026-06-12T19:13:48+00:00";"2026-06-12T19:33:02+00:00";"2026-06-12T22:03:46+00:00";"480";"WORK";""
"2eb21329-2801-410c-af3b-e2f7434b605f";"10af27b6-820d-4142-a168-b43e8f261518";"2026-06-12";"2026-06-12T12:58:46+00:00";"2026-06-12T14:00:35+00:00";"2026-06-12T15:04:27+00:00";"2026-06-12T18:48:39+00:00";"2026-06-12T19:09:59+00:00";"2026-06-12T22:03:54+00:00";"480";"WORK";""
"08b1d635-aa66-45e5-9f98-5b63e9559611";"27d83b80-0073-41d6-82f3-c7c9dc341db8";"2026-06-13";"2026-06-13T13:11:01+00:00";"2026-06-13T17:08:39+00:00";"2026-06-13T18:07:48+00:00";"2026-06-13T19:38:57+00:00";"2026-06-13T19:58:30+00:00";"2026-06-13T20:54:31+00:00";"480";"WORK";""
"c2180362-0bc8-460a-8075-1f3470956abf";"6c62ccbf-5719-4a03-89cf-3506e5200dd2";"2026-06-13";"2026-06-13T12:26:31+00:00";"2026-06-13T17:27:42+00:00";"2026-06-13T17:27:44+00:00";"2026-06-13T17:27:46+00:00";"2026-06-13T17:27:50+00:00";"2026-06-13T17:27:52+00:00";"240";"WORK";""
"098b87c3-ea8f-4a9a-98aa-3747b0ce79f5";"55d4b834-65d7-46a9-952d-e0915aa921b8";"2026-06-13";"2026-06-13T12:59:22+00:00";"2026-06-13T15:09:53+00:00";"2026-06-13T16:07:05+00:00";"2026-06-13T19:08:44+00:00";"2026-06-13T19:22:21+00:00";"2026-06-13T20:54:36+00:00";"480";"WORK";""
"0231db98-a8c7-496b-b08e-c6b34269ff69";"10af27b6-820d-4142-a168-b43e8f261518";"2026-06-13";"2026-06-13T13:01:06+00:00";"2026-06-13T14:03:13+00:00";"2026-06-13T15:05:26+00:00";"2026-06-13T18:45:12+00:00";"2026-06-13T19:00:35+00:00";"2026-06-13T20:54:40+00:00";"480";"WORK";""
"c7c53f7d-f6d8-4ff1-a113-1aa973ea7287";"6c62ccbf-5719-4a03-89cf-3506e5200dd2";"2026-06-15";"2026-06-15T12:39:53+00:00";"2026-06-15T19:29:25+00:00";"2026-06-15T20:31:22+00:00";"2026-06-15T22:16:48+00:00";"2026-06-15T22:16:51+00:00";"2026-06-15T22:16:56+00:00";"480";"WORK";""
"86617d3a-2d5d-41d6-97c6-d7dd01ac8df3";"10af27b6-820d-4142-a168-b43e8f261518";"2026-06-15";"2026-06-15T17:28:13+00:00";"2026-06-15T19:34:07+00:00";"2026-06-15T19:34:10+00:00";"2026-06-15T19:34:13+00:00";"2026-06-15T19:53:24+00:00";"2026-06-15T22:05:56+00:00";"240";"WORK";""
"926ced11-8b76-4fc5-911d-0911a90500eb";"27d83b80-0073-41d6-82f3-c7c9dc341db8";"2026-06-15";"2026-06-15T13:11:39+00:00";"2026-06-15T17:49:45+00:00";"2026-06-15T17:49:49+00:00";"2026-06-15T17:49:50+00:00";"2026-06-15T17:49:52+00:00";"2026-06-15T17:49:55+00:00";"240";"WORK";""
"72c6d5fa-db7b-4889-8002-6b2b320a7931";"55d4b834-65d7-46a9-952d-e0915aa921b8";"2026-06-15";"2026-06-15T13:00:06+00:00";"2026-06-15T15:11:40+00:00";"2026-06-15T16:08:01+00:00";"2026-06-15T18:51:19+00:00";"2026-06-15T19:06:47+00:00";"2026-06-15T22:05:52+00:00";"480";"WORK";""
"4bf7d03d-b34b-4b4d-8db8-09e3fb4ee3ae";"01f9409f-d074-4c85-b8aa-96be02f6ba07";"2026-06-15";"2026-06-15T12:52:09+00:00";"2026-06-15T14:47:25+00:00";"2026-06-15T16:59:40+00:00";"2026-06-15T20:01:37+00:00";"2026-06-15T20:01:38+00:00";"2026-06-15T20:01:40+00:00";"360";"WORK";""
"521f4d5f-ae25-4d86-a97d-69b6d58d3774";"6c62ccbf-5719-4a03-89cf-3506e5200dd2";"2026-06-16";"2026-06-16T12:44:39+00:00";"2026-06-16T20:33:43+00:00";"2026-06-16T21:22:25+00:00";"2026-06-16T22:08:03+00:00";"2026-06-16T22:08:07+00:00";"2026-06-16T22:08:10+00:00";"480";"WORK";""
"4b692ab6-099c-4ba6-9346-d230851ed9ff";"01f9409f-d074-4c85-b8aa-96be02f6ba07";"2026-06-16";"2026-06-16T12:58:24+00:00";"2026-06-16T15:04:37+00:00";"2026-06-16T16:03:41+00:00";"2026-06-16T20:01:00+00:00";"2026-06-16T20:01:03+00:00";"2026-06-16T20:01:04+00:00";"360";"WORK";""
"bbffe6e5-efe1-4641-bca5-7552ca503a67";"27d83b80-0073-41d6-82f3-c7c9dc341db8";"2026-06-16";"2026-06-16T13:07:41+00:00";"2026-06-16T17:01:49+00:00";"2026-06-16T18:04:22+00:00";"2026-06-16T22:05:10+00:00";"2026-06-16T22:05:14+00:00";"2026-06-16T22:05:15+00:00";"480";"WORK";""
"adeeb723-3ea3-4316-b420-8c43fa9b54fd";"10af27b6-820d-4142-a168-b43e8f261518";"2026-06-16";"2026-06-16T12:59:19+00:00";"2026-06-16T14:01:34+00:00";"2026-06-16T15:01:33+00:00";"2026-06-16T19:32:31+00:00";"2026-06-16T19:47:29+00:00";"2026-06-16T22:05:23+00:00";"480";"WORK";""
"de0fc621-c59b-4eef-bd12-4634acaacc1c";"55d4b834-65d7-46a9-952d-e0915aa921b8";"2026-06-16";"2026-06-16T13:03:59+00:00";"2026-06-16T15:02:27+00:00";"2026-06-16T16:00:26+00:00";"2026-06-16T18:09:14+00:00";"2026-06-16T19:13:00+00:00";"2026-06-16T22:05:19+00:00";"480";"WORK";""
"44d4141b-afa4-4703-b71e-a7b5cd5ed839";"55d4b834-65d7-46a9-952d-e0915aa921b8";"2026-06-17";"2026-06-17T12:59:46+00:00";"2026-06-17T15:15:42+00:00";"2026-06-17T16:08:05+00:00";"2026-06-17T19:08:32+00:00";"2026-06-17T19:26:09+00:00";"";"480";"WORK";""
"adaf5122-8ba3-4bd8-a469-25322a55a55b";"6c62ccbf-5719-4a03-89cf-3506e5200dd2";"2026-06-17";"2026-06-17T12:42:14+00:00";"2026-06-17T16:39:20+00:00";"2026-06-17T20:38:42+00:00";"2026-06-17T22:16:06+00:00";"2026-06-17T22:16:09+00:00";"2026-06-17T22:16:10+00:00";"480";"WORK";""
"6a6287c1-5258-4373-9ef9-760b9b2af44d";"01f9409f-d074-4c85-b8aa-96be02f6ba07";"2026-06-17";"2026-06-17T18:11:32+00:00";"2026-06-17T22:11:16+00:00";"2026-06-17T22:11:17+00:00";"2026-06-17T22:11:18+00:00";"2026-06-17T22:11:19+00:00";"2026-06-17T22:11:20+00:00";"360";"WORK";""
"8dc9f509-ff74-4699-9bf3-503ddb82038e";"10af27b6-820d-4142-a168-b43e8f261518";"2026-06-17";"2026-06-17T12:57:47+00:00";"2026-06-17T14:06:25+00:00";"2026-06-17T15:08:14+00:00";"2026-06-17T18:49:04+00:00";"2026-06-17T19:08:17+00:00";"2026-06-17T22:02:57+00:00";"480";"WORK";""
"3563611b-87fb-4362-b496-92afcabfaedb";"27d83b80-0073-41d6-82f3-c7c9dc341db8";"2026-06-17";"2026-06-17T13:01:25+00:00";"2026-06-17T16:59:13+00:00";"2026-06-17T18:08:18+00:00";"2026-06-17T22:02:50+00:00";"2026-06-17T22:02:53+00:00";"2026-06-17T22:02:55+00:00";"480";"WORK";""
"52f132cb-0c1c-4379-939e-34945fb690b6";"01f9409f-d074-4c85-b8aa-96be02f6ba07";"2026-06-18";"2026-06-18T12:59:43+00:00";"2026-06-18T16:00:42+00:00";"2026-06-18T16:59:07+00:00";"2026-06-18T20:32:11+00:00";"2026-06-18T20:45:31+00:00";"2026-06-18T22:02:13+00:00";"360";"WORK";""
"d6f723d0-634a-4e11-bf8b-754326ff0b98";"27d83b80-0073-41d6-82f3-c7c9dc341db8";"2026-06-18";"2026-06-18T13:15:19+00:00";"2026-06-18T17:08:43+00:00";"2026-06-18T18:07:34+00:00";"";"";"";"480";"WORK";""
"58301b9c-77c5-435e-8fcf-8a790e7c3547";"10af27b6-820d-4142-a168-b43e8f261518";"2026-06-18";"2026-06-18T12:59:14+00:00";"2026-06-18T14:01:54+00:00";"2026-06-18T15:02:02+00:00";"2026-06-18T18:56:49+00:00";"2026-06-18T19:02:31+00:00";"2026-06-18T22:01:50+00:00";"480";"WORK";""
"f08f2b0b-289c-4190-a860-bd352084fd54";"6c62ccbf-5719-4a03-89cf-3506e5200dd2";"2026-06-18";"2026-06-18T12:37:51+00:00";"2026-06-18T19:23:47+00:00";"2026-06-18T20:22:18+00:00";"2026-06-18T22:16:07+00:00";"2026-06-18T22:16:11+00:00";"2026-06-18T22:16:13+00:00";"480";"WORK";""
"075288bb-8b5f-4645-8f5a-3741e19bfa52";"27d83b80-0073-41d6-82f3-c7c9dc341db8";"2026-06-19";"2026-06-19T18:08:23+00:00";"2026-06-19T18:08:26+00:00";"2026-06-19T19:08:34+00:00";"2026-06-19T22:23:37+00:00";"2026-06-19T22:23:42+00:00";"2026-06-19T22:23:43+00:00";"480";"WORK";""
"57ca2e2c-acd7-496d-8210-7e68106d91e0";"01f9409f-d074-4c85-b8aa-96be02f6ba07";"2026-06-19";"2026-06-19T13:00:22+00:00";"2026-06-19T15:06:00+00:00";"2026-06-19T15:53:23+00:00";"2026-06-19T20:01:35+00:00";"2026-06-19T20:01:39+00:00";"2026-06-19T20:01:41+00:00";"360";"WORK";""
"62550581-9061-4300-9cb3-9d39ae932da7";"6c62ccbf-5719-4a03-89cf-3506e5200dd2";"2026-06-19";"2026-06-19T12:37:04+00:00";"2026-06-19T17:52:53+00:00";"2026-06-19T18:55:35+00:00";"2026-06-19T20:39:48+00:00";"2026-06-19T21:00:17+00:00";"2026-06-19T22:16:00+00:00";"480";"WORK";""
"5c700532-ff81-4fec-ba41-37acad26ef3d";"10af27b6-820d-4142-a168-b43e8f261518";"2026-06-20";"2026-06-20T13:01:42+00:00";"2026-06-20T14:05:32+00:00";"2026-06-20T15:13:06+00:00";"2026-06-20T19:52:02+00:00";"2026-06-20T20:08:44+00:00";"2026-06-20T22:27:15+00:00";"480";"WORK";""
"8a35f23c-e352-4442-b67c-7eda4f515c7a";"27d83b80-0073-41d6-82f3-c7c9dc341db8";"2026-06-20";"2026-06-20T13:15:41+00:00";"2026-06-20T17:23:55+00:00";"2026-06-20T18:23:13+00:00";"2026-06-20T18:23:17+00:00";"2026-06-20T19:53:45+00:00";"2026-06-20T22:31:27+00:00";"480";"WORK";""
"d2857e98-133c-494f-bd82-9a3956b2054f";"10af27b6-820d-4142-a168-b43e8f261518";"2026-06-21";"2026-06-21T12:33:37+00:00";"2026-06-21T14:01:05+00:00";"2026-06-21T15:03:55+00:00";"2026-06-21T19:11:29+00:00";"2026-06-21T19:25:20+00:00";"2026-06-21T20:42:32+00:00";"0";"WORK";""
"493609e3-3e2b-4f44-8900-29075ea2340a";"55d4b834-65d7-46a9-952d-e0915aa921b8";"2026-06-21";"2026-06-21T12:54:11+00:00";"2026-06-21T15:20:40+00:00";"2026-06-21T16:18:33+00:00";"2026-06-21T18:59:55+00:00";"2026-06-21T19:10:44+00:00";"2026-06-21T20:42:26+00:00";"0";"WORK";""
"19f31f54-5be2-41c2-9ebb-107a85f0ab4f";"6c62ccbf-5719-4a03-89cf-3506e5200dd2";"2026-06-21";"2026-06-21T12:31:24+00:00";"2026-06-21T17:53:29+00:00";"2026-06-21T18:26:10+00:00";"2026-06-21T20:47:48+00:00";"2026-06-21T20:47:49+00:00";"2026-06-21T20:47:50+00:00";"0";"WORK";""
"f3897e56-3210-427e-8342-6e16961dacde";"6c62ccbf-5719-4a03-89cf-3506e5200dd2";"2026-06-22";"2026-06-22T12:35:01+00:00";"2026-06-22T22:30:38+00:00";"2026-06-22T22:30:40+00:00";"2026-06-22T22:30:42+00:00";"2026-06-22T22:30:43+00:00";"2026-06-22T22:30:45+00:00";"480";"WORK";""
"f5f56f69-76c3-4cdc-abf4-76606ca3df3d";"01f9409f-d074-4c85-b8aa-96be02f6ba07";"2026-06-22";"2026-06-22T13:08:51+00:00";"2026-06-22T16:21:39+00:00";"2026-06-22T17:08:35+00:00";"2026-06-22T20:36:19+00:00";"2026-06-22T20:45:54+00:00";"2026-06-22T20:59:18+00:00";"360";"WORK";""
"2c46c75a-5f09-46a9-b3c5-d14c9f5288d8";"10af27b6-820d-4142-a168-b43e8f261518";"2026-06-22";"2026-06-22T17:27:33+00:00";"2026-06-22T20:02:23+00:00";"2026-06-22T20:02:28+00:00";"2026-06-22T20:02:31+00:00";"2026-06-22T20:23:57+00:00";"2026-06-22T22:06:43+00:00";"240";"WORK";""
"35de6692-88ca-4ff6-8baa-a3b7d21a19d6";"27d83b80-0073-41d6-82f3-c7c9dc341db8";"2026-06-22";"2026-06-22T13:08:38+00:00";"2026-06-22T17:31:25+00:00";"2026-06-22T17:31:27+00:00";"2026-06-22T17:31:29+00:00";"2026-06-22T17:31:30+00:00";"2026-06-22T17:31:32+00:00";"240";"WORK";""
"d6356aa4-a61c-49ea-90b3-6bec4f192418";"01f9409f-d074-4c85-b8aa-96be02f6ba07";"2026-06-23";"2026-06-23T12:50:28+00:00";"2026-06-23T16:19:06+00:00";"2026-06-23T17:19:36+00:00";"2026-06-23T20:01:29+00:00";"2026-06-23T20:01:33+00:00";"2026-06-23T20:01:35+00:00";"360";"WORK";""
"eef87ba5-3055-4d47-9033-2b340d522c1b";"10af27b6-820d-4142-a168-b43e8f261518";"2026-06-23";"2026-06-23T12:59:17+00:00";"2026-06-23T14:07:27+00:00";"2026-06-23T15:17:41+00:00";"2026-06-23T19:09:14+00:00";"2026-06-23T19:26:26+00:00";"2026-06-23T22:01:35+00:00";"480";"WORK";""
"1fb858a6-f73b-4b88-92a6-a46911061149";"55d4b834-65d7-46a9-952d-e0915aa921b8";"2026-06-23";"2026-06-23T12:59:13+00:00";"2026-06-23T15:17:54+00:00";"2026-06-23T16:09:38+00:00";"2026-06-23T19:44:06+00:00";"2026-06-23T20:06:01+00:00";"2026-06-23T22:01:30+00:00";"480";"WORK";""
"5753cd87-39a3-4704-8d67-1eae3f9a113c";"55d4b834-65d7-46a9-952d-e0915aa921b8";"2026-06-24";"2026-06-24T13:13:12+00:00";"2026-06-24T15:02:53+00:00";"2026-06-24T15:56:46+00:00";"2026-06-24T18:55:41+00:00";"2026-06-24T19:19:15+00:00";"2026-06-24T20:56:44+00:00";"480";"WORK";""
"18f6ee74-122f-46c1-b070-5f26359e6782";"01f9409f-d074-4c85-b8aa-96be02f6ba07";"2026-06-24";"2026-06-24T12:50:09+00:00";"2026-06-24T15:49:28+00:00";"2026-06-24T16:44:09+00:00";"2026-06-24T19:22:07+00:00";"2026-06-24T19:30:52+00:00";"2026-06-24T20:12:54+00:00";"360";"WORK";""
"880975e1-49ae-480e-93ed-ce66915fd966";"10af27b6-820d-4142-a168-b43e8f261518";"2026-06-24";"2026-06-24T12:59:24+00:00";"2026-06-24T14:00:10+00:00";"2026-06-24T15:00:04+00:00";"2026-06-24T18:33:52+00:00";"2026-06-24T18:53:00+00:00";"2026-06-24T20:56:52+00:00";"480";"WORK";""
"61fa741d-3ca6-4697-bb70-a454a957438f";"27d83b80-0073-41d6-82f3-c7c9dc341db8";"2026-06-24";"2026-06-24T13:21:10+00:00";"2026-06-24T16:45:36+00:00";"2026-06-24T17:45:55+00:00";"2026-06-24T20:57:10+00:00";"2026-06-24T20:57:11+00:00";"2026-06-24T20:57:12+00:00";"480";"WORK";""
"de209619-8825-40bb-8723-24e2dc8af588";"27d83b80-0073-41d6-82f3-c7c9dc341db8";"2026-06-25";"2026-06-25T13:14:42+00:00";"2026-06-25T17:01:53+00:00";"2026-06-25T18:02:43+00:00";"2026-06-25T20:46:02+00:00";"2026-06-25T21:00:03+00:00";"2026-06-25T22:22:38+00:00";"480";"WORK";""
"bf39a231-fcbb-4038-ae0f-7ea2c9357ffe";"55d4b834-65d7-46a9-952d-e0915aa921b8";"2026-06-25";"2026-06-25T12:59:42+00:00";"2026-06-25T15:14:14+00:00";"2026-06-25T15:37:57+00:00";"2026-06-25T17:11:18+00:00";"2026-06-25T17:11:21+00:00";"2026-06-25T17:11:22+00:00";"240";"WORK";""
"c3509a60-5c6c-475e-b212-7cee502208eb";"01f9409f-d074-4c85-b8aa-96be02f6ba07";"2026-06-25";"2026-06-25T12:59:04+00:00";"2026-06-25T16:01:02+00:00";"2026-06-25T16:52:14+00:00";"2026-06-25T20:11:33+00:00";"2026-06-25T20:11:38+00:00";"2026-06-25T20:11:40+00:00";"360";"WORK";""
"a96d727c-8a6b-45b4-ac11-14cb2ef9c8f4";"6c62ccbf-5719-4a03-89cf-3506e5200dd2";"2026-06-25";"2026-06-25T12:35:45+00:00";"2026-06-25T20:35:04+00:00";"2026-06-25T21:32:22+00:00";"2026-06-25T22:30:03+00:00";"2026-06-25T22:30:07+00:00";"2026-06-25T22:30:10+00:00";"480";"WORK";""
"00bfc302-72fc-434d-8f32-ed45482ee0b6";"10af27b6-820d-4142-a168-b43e8f261518";"2026-06-25";"2026-06-25T13:02:45+00:00";"2026-06-25T14:00:44+00:00";"2026-06-25T15:01:45+00:00";"2026-06-25T19:41:38+00:00";"2026-06-25T20:01:22+00:00";"2026-06-25T22:22:43+00:00";"480";"WORK";""
"2f618ed7-92bd-4404-bd8e-ed0f685b9d8d";"27d83b80-0073-41d6-82f3-c7c9dc341db8";"2026-06-26";"2026-06-26T13:14:01+00:00";"2026-06-26T17:47:53+00:00";"2026-06-26T18:57:15+00:00";"2026-06-26T22:04:00+00:00";"2026-06-26T22:04:04+00:00";"2026-06-26T22:04:06+00:00";"480";"WORK";""
"436efa7a-8752-4911-bac4-64dca96a6639";"6c62ccbf-5719-4a03-89cf-3506e5200dd2";"2026-06-26";"2026-06-26T12:26:30+00:00";"2026-06-26T19:41:46+00:00";"2026-06-26T20:44:22+00:00";"2026-06-26T22:15:02+00:00";"2026-06-26T22:15:03+00:00";"2026-06-26T22:15:13+00:00";"480";"WORK";""
"6988c299-9256-486d-8b96-febfbf38f5db";"01f9409f-d074-4c85-b8aa-96be02f6ba07";"2026-06-26";"2026-06-26T12:45:59+00:00";"2026-06-26T18:12:07+00:00";"2026-06-26T18:41:00+00:00";"2026-06-26T20:28:27+00:00";"2026-06-26T20:28:31+00:00";"2026-06-26T20:28:34+00:00";"360";"WORK";""
"0c6db3f1-55e6-4b4a-9bac-e4b1b5909e02";"55d4b834-65d7-46a9-952d-e0915aa921b8";"2026-06-26";"2026-06-26T13:09:06+00:00";"2026-06-26T15:00:05+00:00";"2026-06-26T15:57:25+00:00";"2026-06-26T19:42:14+00:00";"2026-06-26T19:50:35+00:00";"";"480";"WORK";""
"dc91968c-512c-4504-a8f4-7fbde43e667a";"10af27b6-820d-4142-a168-b43e8f261518";"2026-06-26";"2026-06-26T13:02:32+00:00";"2026-06-26T14:02:10+00:00";"2026-06-26T14:57:50+00:00";"2026-06-26T19:41:21+00:00";"2026-06-26T19:50:24+00:00";"2026-06-26T22:04:10+00:00";"480";"WORK";""
"23f25586-4c38-4c6f-aeba-5d2157322352";"27d83b80-0073-41d6-82f3-c7c9dc341db8";"2026-06-27";"2026-06-27T12:49:13+00:00";"2026-06-27T16:56:44+00:00";"2026-06-27T17:58:37+00:00";"2026-06-27T20:08:45+00:00";"2026-06-27T20:23:01+00:00";"2026-06-27T22:01:39+00:00";"480";"WORK";""
"894e0b42-f58e-485a-b4bf-8789e5258043";"10af27b6-820d-4142-a168-b43e8f261518";"2026-06-27";"2026-06-27T12:58:12+00:00";"2026-06-27T14:01:47+00:00";"2026-06-27T15:02:29+00:00";"2026-06-27T18:56:18+00:00";"2026-06-27T19:11:06+00:00";"2026-06-27T22:01:43+00:00";"480";"WORK";""
"deab21d8-63a7-4970-bd5e-3f51601a3a08";"27d83b80-0073-41d6-82f3-c7c9dc341db8";"2026-06-28";"2026-06-28T20:34:10+00:00";"";"";"";"";"";"0";"WORK";""
"76d812a1-3ed6-4660-a451-a791d4531e09";"27d83b80-0073-41d6-82f3-c7c9dc341db8";"2026-06-28";"2026-06-28T20:34:11+00:00";"";"";"";"";"";"0";"WORK";""
"a488047f-cdd4-40de-a2f1-96c9c19e5d93";"27d83b80-0073-41d6-82f3-c7c9dc341db8";"2026-06-28";"2026-06-28T20:34:11+00:00";"2026-06-28T20:34:15+00:00";"";"";"";"";"0";"WORK";""
"de8bcca9-fc24-4fe1-a683-e4de5a40ef84";"27d83b80-0073-41d6-82f3-c7c9dc341db8";"2026-06-28";"2026-06-28T20:34:11+00:00";"2026-06-28T20:34:18+00:00";"2026-06-28T20:34:20+00:00";"2026-06-28T20:34:21+00:00";"2026-06-28T20:34:23+00:00";"";"0";"WORK";""
"ffde91bb-2209-428a-9a35-cec6784d5343";"27d83b80-0073-41d6-82f3-c7c9dc341db8";"2026-06-28";"2026-06-28T20:34:10+00:00";"2026-06-28T20:34:12+00:00";"2026-06-28T20:34:25+00:00";"";"";"";"0";"WORK";""
"07250564-2b0b-42ce-aebc-8699e9e530ca";"6c62ccbf-5719-4a03-89cf-3506e5200dd2";"2026-06-28";"2026-06-28T12:33:19+00:00";"2026-06-28T20:33:51+00:00";"2026-06-28T20:22:31+00:00";"2026-06-28T20:40:15+00:00";"2026-06-28T20:33:56+00:00";"2026-06-28T20:33:56+00:00";"0";"WORK";""
"111555f6-6205-4784-bff8-099ff4cf6770";"27d83b80-0073-41d6-82f3-c7c9dc341db8";"2026-06-28";"2026-06-28T20:34:11+00:00";"2026-06-28T20:34:12+00:00";"";"";"";"";"0";"WORK";""
"9555e046-24bb-48b4-bc67-e552451672f8";"6c62ccbf-5719-4a03-89cf-3506e5200dd2";"2026-06-30";"2026-06-30T12:00:15+00:00";"2026-06-30T19:16:02+00:00";"2026-06-30T20:16:17+00:00";"2026-06-30T22:35:33+00:00";"2026-06-30T22:35:36+00:00";"2026-06-30T22:35:38+00:00";"480";"WORK";""
"7794aa66-860d-4618-867d-1888bc65d2ec";"01f9409f-d074-4c85-b8aa-96be02f6ba07";"2026-06-30";"2026-06-30T12:59:34+00:00";"2026-06-30T15:32:28+00:00";"2026-06-30T16:22:35+00:00";"2026-06-30T20:07:36+00:00";"2026-06-30T20:07:38+00:00";"2026-06-30T20:07:40+00:00";"360";"WORK";""
"cc64340f-e3df-4557-978f-ca334367d3b2";"55d4b834-65d7-46a9-952d-e0915aa921b8";"2026-06-30";"2026-06-30T13:12:46+00:00";"2026-06-30T15:22:50+00:00";"2026-06-30T16:21:07+00:00";"2026-06-30T19:15:04+00:00";"2026-06-30T19:30:57+00:00";"2026-06-30T22:14:28+00:00";"480";"WORK";""
"4fef9832-1914-4d25-b27b-1e07079fd166";"27d83b80-0073-41d6-82f3-c7c9dc341db8";"2026-06-30";"2026-06-30T12:53:29+00:00";"2026-06-30T17:36:55+00:00";"2026-06-30T17:37:01+00:00";"2026-06-30T17:37:04+00:00";"2026-06-30T17:37:06+00:00";"2026-06-30T17:37:07+00:00";"480";"WORK";""
"fbb97ce8-bded-4c96-a26f-5f1d68ed704a";"10af27b6-820d-4142-a168-b43e8f261518";"2026-06-30";"2026-06-30T13:00:55+00:00";"2026-06-30T14:03:43+00:00";"2026-06-30T15:08:39+00:00";"2026-06-30T19:43:01+00:00";"2026-06-30T20:01:16+00:00";"2026-06-30T22:14:38+00:00";"480";"WORK";""
"2f90d7a7-00f2-449e-a770-7cf625da0211";"01f9409f-d074-4c85-b8aa-96be02f6ba07";"2026-07-01";"2026-07-01T12:42:20+00:00";"2026-07-01T16:06:11+00:00";"2026-07-01T17:05:36+00:00";"2026-07-01T20:09:07+00:00";"2026-07-01T20:09:11+00:00";"2026-07-01T20:09:15+00:00";"360";"WORK";""
"a8cc09c4-9197-417b-aa3d-39436d9babe1";"55d4b834-65d7-46a9-952d-e0915aa921b8";"2026-07-01";"2026-07-01T13:11:18+00:00";"2026-07-01T15:03:29+00:00";"2026-07-01T16:01:39+00:00";"2026-07-01T19:57:43+00:00";"2026-07-01T20:12:20+00:00";"2026-07-01T21:19:25+00:00";"480";"WORK";""
"88dd7a50-5825-41e6-9361-890f27693237";"10af27b6-820d-4142-a168-b43e8f261518";"2026-07-01";"2026-07-01T12:54:01+00:00";"2026-07-01T14:05:22+00:00";"2026-07-01T15:03:21+00:00";"2026-07-01T19:29:46+00:00";"2026-07-01T19:47:37+00:00";"2026-07-01T22:10:31+00:00";"480";"WORK";""
"b28403a3-2857-42a8-972f-a79275bcae9e";"10af27b6-820d-4142-a168-b43e8f261518";"2026-07-02";"2026-07-02T13:00:54+00:00";"2026-07-02T14:03:06+00:00";"2026-07-02T15:10:58+00:00";"2026-07-02T19:25:44+00:00";"2026-07-02T19:45:19+00:00";"2026-07-02T22:28:30+00:00";"480";"WORK";""
"e693277a-ca74-498d-b8cd-73b6e9e5a06d";"01f9409f-d074-4c85-b8aa-96be02f6ba07";"2026-07-02";"2026-07-02T13:00:32+00:00";"2026-07-02T15:39:57+00:00";"2026-07-02T16:42:27+00:00";"2026-07-02T19:10:05+00:00";"2026-07-02T19:24:09+00:00";"2026-07-02T21:02:11+00:00";"360";"WORK";""
"32d4f7a5-6c3c-4dd7-ae5a-ed9901b342c8";"55d4b834-65d7-46a9-952d-e0915aa921b8";"2026-07-02";"2026-07-02T12:59:42+00:00";"2026-07-02T15:16:58+00:00";"2026-07-02T15:37:33+00:00";"2026-07-02T17:12:05+00:00";"2026-07-02T17:12:10+00:00";"2026-07-02T17:12:16+00:00";"240";"WORK";""
"aff8c3d8-bedc-42f4-8a1d-b26d90818b5b";"01f9409f-d074-4c85-b8aa-96be02f6ba07";"2026-07-03";"2026-07-03T13:09:57+00:00";"2026-07-03T15:47:32+00:00";"2026-07-03T16:48:38+00:00";"2026-07-03T20:13:09+00:00";"2026-07-03T20:23:05+00:00";"2026-07-03T22:05:49+00:00";"360";"WORK";""
"a0aee832-27ce-42e1-9523-f92346053272";"6c62ccbf-5719-4a03-89cf-3506e5200dd2";"2026-07-03";"2026-07-03T12:38:52+00:00";"2026-07-03T19:17:02+00:00";"2026-07-03T20:20:30+00:00";"2026-07-03T22:08:20+00:00";"2026-07-03T22:08:23+00:00";"2026-07-03T22:08:25+00:00";"480";"WORK";""
"37851529-2212-4f86-b04b-fa75e4b0a5d7";"10af27b6-820d-4142-a168-b43e8f261518";"2026-07-04";"2026-07-04T12:58:23+00:00";"2026-07-04T14:07:27+00:00";"2026-07-04T15:10:02+00:00";"2026-07-04T19:32:44+00:00";"2026-07-04T19:47:33+00:00";"2026-07-04T22:09:30+00:00";"480";"WORK";""
"4bb33afa-aef6-48d4-b58c-0e438ff9f8d0";"55d4b834-65d7-46a9-952d-e0915aa921b8";"2026-07-04";"2026-07-04T12:57:16+00:00";"2026-07-04T15:18:42+00:00";"2026-07-04T16:10:05+00:00";"2026-07-04T19:50:49+00:00";"2026-07-04T20:09:48+00:00";"2026-07-04T22:09:23+00:00";"480";"WORK";""
"e34ad2c0-299c-443a-beaf-60346fe592d4";"6c62ccbf-5719-4a03-89cf-3506e5200dd2";"2026-07-05";"2026-07-05T12:37:55+00:00";"2026-07-05T16:47:39+00:00";"2026-07-05T17:17:19+00:00";"2026-07-05T18:51:21+00:00";"2026-07-05T18:51:25+00:00";"2026-07-05T18:51:27+00:00";"0";"WORK";""
"22acb876-0bf7-4bc6-883a-6d8160051e98";"10af27b6-820d-4142-a168-b43e8f261518";"2026-07-05";"2026-07-05T12:40:09+00:00";"2026-07-05T14:03:33+00:00";"2026-07-05T14:52:49+00:00";"2026-07-05T18:56:46+00:00";"2026-07-05T18:56:50+00:00";"2026-07-05T18:56:52+00:00";"0";"WORK";""
"1642b416-a7b2-4524-992a-f11a26ecfd7d";"6c62ccbf-5719-4a03-89cf-3506e5200dd2";"2026-07-06";"2026-07-06T12:42:03+00:00";"2026-07-06T18:23:12+00:00";"2026-07-06T19:24:28+00:00";"2026-07-06T22:19:24+00:00";"2026-07-06T22:19:49+00:00";"2026-07-06T22:19:51+00:00";"480";"WORK";""
"77e1e9c9-f7e9-41b1-940f-2fce5017452e";"10af27b6-820d-4142-a168-b43e8f261518";"2026-07-06";"2026-07-06T17:31:12+00:00";"2026-07-06T19:52:58+00:00";"2026-07-06T19:53:02+00:00";"2026-07-06T19:53:03+00:00";"2026-07-06T20:11:18+00:00";"2026-07-06T20:12:55+00:00";"240";"WORK";""
"12894c1d-1294-4ebc-a211-0685e187aa96";"01f9409f-d074-4c85-b8aa-96be02f6ba07";"2026-07-06";"2026-07-06T13:01:37+00:00";"2026-07-06T14:37:21+00:00";"2026-07-06T15:01:48+00:00";"2026-07-06T19:11:37+00:00";"2026-07-06T19:42:33+00:00";"2026-07-06T20:35:14+00:00";"360";"WORK";""
"7f8a3d66-908e-4404-a92d-ab274fcc59df";"55d4b834-65d7-46a9-952d-e0915aa921b8";"2026-07-06";"2026-07-06T13:04:57+00:00";"2026-07-06T15:02:20+00:00";"2026-07-06T15:56:37+00:00";"2026-07-06T20:38:17+00:00";"2026-07-06T20:52:43+00:00";"2026-07-06T22:36:26+00:00";"480";"WORK";""
"4557c865-a3e7-4737-a120-f24845e8f21f";"10af27b6-820d-4142-a168-b43e8f261518";"2026-07-07";"2026-07-07T12:59:21+00:00";"2026-07-07T14:01:36+00:00";"2026-07-07T15:03:36+00:00";"2026-07-07T19:14:14+00:00";"2026-07-07T19:33:00+00:00";"2026-07-07T22:11:31+00:00";"480";"WORK";""
"ea5e1ba8-1e6f-47d0-9e3b-8fa7f563e734";"6c62ccbf-5719-4a03-89cf-3506e5200dd2";"2026-07-07";"2026-07-07T12:46:43+00:00";"2026-07-07T18:40:19+00:00";"2026-07-07T19:44:03+00:00";"2026-07-07T22:20:43+00:00";"2026-07-07T22:20:46+00:00";"2026-07-07T22:20:48+00:00";"480";"WORK";""
"5333e91f-8e1e-46c8-9eb1-269f3a2c6199";"01f9409f-d074-4c85-b8aa-96be02f6ba07";"2026-07-07";"2026-07-07T12:54:47+00:00";"2026-07-07T15:04:15+00:00";"2026-07-07T15:59:37+00:00";"2026-07-07T19:50:15+00:00";"2026-07-07T19:59:33+00:00";"2026-07-07T22:45:19+00:00";"360";"WORK";""
"1efde12a-1c8c-4d6e-a37f-7ffb3476ad9d";"55d4b834-65d7-46a9-952d-e0915aa921b8";"2026-07-07";"2026-07-07T13:16:04+00:00";"2026-07-07T16:03:48+00:00";"2026-07-07T17:05:42+00:00";"2026-07-07T20:27:15+00:00";"2026-07-07T20:42:12+00:00";"2026-07-07T22:47:30+00:00";"480";"WORK";""
"4b515b58-a7b6-49bf-bcc6-2099d1340c67";"01f9409f-d074-4c85-b8aa-96be02f6ba07";"2026-07-08";"2026-07-08T12:51:20+00:00";"2026-07-08T15:47:47+00:00";"2026-07-08T16:40:39+00:00";"2026-07-08T20:17:35+00:00";"2026-07-08T20:17:37+00:00";"2026-07-08T20:17:39+00:00";"360";"WORK";""
"1ce8064e-cbb0-4189-8203-1449d98daa39";"10af27b6-820d-4142-a168-b43e8f261518";"2026-07-08";"2026-07-08T13:00:58+00:00";"2026-07-08T14:01:33+00:00";"2026-07-08T14:58:37+00:00";"2026-07-08T19:58:21+00:00";"2026-07-08T20:15:35+00:00";"2026-07-08T22:10:58+00:00";"480";"WORK";""
"ada34e9d-b33f-45b4-85de-9453322cd6c3";"01f9409f-d074-4c85-b8aa-96be02f6ba07";"2026-07-09";"2026-07-09T12:58:07+00:00";"2026-07-09T15:12:10+00:00";"2026-07-09T16:11:44+00:00";"2026-07-09T16:58:28+00:00";"2026-07-09T16:58:32+00:00";"2026-07-09T16:58:34+00:00";"360";"WORK";""
"e6e6d6aa-94cf-4584-9024-77a082c38d31";"10af27b6-820d-4142-a168-b43e8f261518";"2026-07-09";"2026-07-09T12:58:38+00:00";"2026-07-09T14:02:39+00:00";"2026-07-09T15:08:18+00:00";"2026-07-09T18:49:45+00:00";"2026-07-09T19:07:28+00:00";"2026-07-09T22:11:42+00:00";"480";"WORK";""
"55032d44-3a29-460d-8a10-8249a10d45e5";"55d4b834-65d7-46a9-952d-e0915aa921b8";"2026-07-09";"2026-07-09T12:57:04+00:00";"2026-07-09T16:31:04+00:00";"2026-07-09T17:21:54+00:00";"2026-07-09T20:02:56+00:00";"2026-07-09T20:23:20+00:00";"2026-07-09T22:20:04+00:00";"240";"WORK";""
"367eeaa6-cb99-4ff9-b295-d0e88c0bcf8c";"10af27b6-820d-4142-a168-b43e8f261518";"2026-07-10";"2026-07-10T12:57:41+00:00";"2026-07-10T14:31:34+00:00";"2026-07-10T15:32:00+00:00";"2026-07-10T19:03:40+00:00";"2026-07-10T19:23:07+00:00";"2026-07-10T22:07:08+00:00";"480";"WORK";""
"cc7951a0-6616-4bc0-af81-ea1ff74a6dee";"55d4b834-65d7-46a9-952d-e0915aa921b8";"2026-07-10";"2026-07-10T17:35:19+00:00";"2026-07-10T19:51:25+00:00";"2026-07-10T19:51:29+00:00";"2026-07-10T19:51:30+00:00";"2026-07-10T19:56:42+00:00";"2026-07-10T22:07:02+00:00";"480";"WORK";""
"a555529b-438c-4709-a681-9f534ea78887";"10af27b6-820d-4142-a168-b43e8f261518";"2026-07-11";"2026-07-11T12:57:08+00:00";"2026-07-11T14:11:42+00:00";"2026-07-11T15:10:41+00:00";"2026-07-11T18:44:47+00:00";"2026-07-11T19:05:25+00:00";"2026-07-11T22:11:36+00:00";"480";"WORK";""
"5ce48ec2-df23-40e6-9066-b1b1c86b1590";"55d4b834-65d7-46a9-952d-e0915aa921b8";"2026-07-11";"2026-07-11T12:57:13+00:00";"2026-07-11T15:29:27+00:00";"2026-07-11T16:36:35+00:00";"2026-07-11T19:16:49+00:00";"2026-07-11T19:47:01+00:00";"2026-07-11T22:11:30+00:00";"480";"WORK";""
"f744d9cd-1056-4246-ab55-6030fad39081";"55d4b834-65d7-46a9-952d-e0915aa921b8";"2026-07-13";"2026-07-13T13:04:21+00:00";"2026-07-13T15:22:08+00:00";"2026-07-13T16:17:06+00:00";"2026-07-13T20:18:32+00:00";"2026-07-13T20:36:00+00:00";"2026-07-13T22:41:56+00:00";"480";"WORK";""
"7312f0ef-3a21-4a87-8c4f-e1a07d2e9215";"6c62ccbf-5719-4a03-89cf-3506e5200dd2";"2026-07-13";"2026-07-13T12:39:06+00:00";"2026-07-13T20:52:26+00:00";"2026-07-13T21:55:57+00:00";"2026-07-13T22:58:22+00:00";"2026-07-13T22:58:24+00:00";"2026-07-13T22:58:27+00:00";"480";"WORK";""
"43708d3d-7b7d-465a-904c-8c6b0f2cec9b";"10af27b6-820d-4142-a168-b43e8f261518";"2026-07-13";"2026-07-13T17:24:54+00:00";"2026-07-13T20:40:23+00:00";"2026-07-13T20:40:26+00:00";"2026-07-13T20:40:28+00:00";"2026-07-13T20:57:56+00:00";"2026-07-13T22:12:16+00:00";"240";"WORK";""
"33b6d3e1-f936-4810-bbe6-2c056f84685f";"55d4b834-65d7-46a9-952d-e0915aa921b8";"2026-07-14";"2026-07-14T13:15:54+00:00";"2026-07-14T15:19:52+00:00";"2026-07-14T16:21:05+00:00";"2026-07-14T19:48:17+00:00";"2026-07-14T20:01:42+00:00";"2026-07-14T22:48:13+00:00";"480";"WORK";""
"651d1d07-3c03-4327-b942-9e52a0a63402";"6c62ccbf-5719-4a03-89cf-3506e5200dd2";"2026-07-14";"2026-07-14T12:42:06+00:00";"2026-07-14T18:03:12+00:00";"2026-07-14T18:59:48+00:00";"2026-07-14T22:57:53+00:00";"2026-07-14T22:57:56+00:00";"2026-07-14T22:57:59+00:00";"480";"WORK";""
"5c81225e-0a8a-488b-b4b2-688a50daa8b4";"10af27b6-820d-4142-a168-b43e8f261518";"2026-07-14";"2026-07-14T12:59:56+00:00";"2026-07-14T14:07:13+00:00";"2026-07-14T15:11:32+00:00";"2026-07-14T20:30:45+00:00";"2026-07-14T20:44:11+00:00";"2026-07-14T22:16:32+00:00";"480";"WORK";""
"809be07d-0f27-41ff-880f-a160f00e15b9";"01f9409f-d074-4c85-b8aa-96be02f6ba07";"2026-07-15";"2026-07-15T12:50:32+00:00";"2026-07-15T15:06:32+00:00";"2026-07-15T16:02:56+00:00";"2026-07-15T20:24:23+00:00";"2026-07-15T20:24:27+00:00";"2026-07-15T20:24:29+00:00";"360";"WORK";""
"a11052f6-01af-4ac5-bf84-7de4aca519ca";"10af27b6-820d-4142-a168-b43e8f261518";"2026-07-15";"2026-07-15T12:58:06+00:00";"2026-07-15T14:01:04+00:00";"2026-07-15T15:03:53+00:00";"2026-07-15T20:28:55+00:00";"2026-07-15T20:46:39+00:00";"2026-07-15T22:20:24+00:00";"480";"WORK";""
"0b159c3a-c907-40b2-91e5-be696905ddeb";"55d4b834-65d7-46a9-952d-e0915aa921b8";"2026-07-15";"2026-07-15T13:15:44+00:00";"2026-07-15T16:12:55+00:00";"2026-07-15T17:08:59+00:00";"2026-07-15T20:49:10+00:00";"2026-07-15T22:20:18+00:00";"2026-07-15T22:37:16+00:00";"480";"WORK";""
"a60d9869-6c90-44dd-a551-e2c8c69ccfe4";"6c62ccbf-5719-4a03-89cf-3506e5200dd2";"2026-07-16";"2026-07-16T12:22:20+00:00";"2026-07-16T18:33:08+00:00";"2026-07-16T19:04:30+00:00";"2026-07-16T21:24:14+00:00";"2026-07-16T21:39:01+00:00";"2026-07-16T22:39:18+00:00";"480";"WORK";""
"a73c3a24-85b3-4a94-becf-78f9e040e137";"10af27b6-820d-4142-a168-b43e8f261518";"2026-07-16";"2026-07-16T12:59:56+00:00";"2026-07-16T14:02:02+00:00";"2026-07-16T15:01:36+00:00";"2026-07-16T20:34:09+00:00";"2026-07-16T20:52:05+00:00";"2026-07-16T22:10:27+00:00";"480";"WORK";""
"795ce821-894d-42f4-9966-820f0f7cdc64";"01f9409f-d074-4c85-b8aa-96be02f6ba07";"2026-07-16";"2026-07-16T12:51:39+00:00";"2026-07-16T13:21:39+00:00";"2026-07-16T13:21:42+00:00";"2026-07-16T13:21:44+00:00";"2026-07-16T13:21:46+00:00";"2026-07-16T13:21:50+00:00";"360";"WORK";""
"5d014bc3-64ea-4f77-bad7-2e14a37f75d5";"55d4b834-65d7-46a9-952d-e0915aa921b8";"2026-07-16";"2026-07-16T13:18:10+00:00";"2026-07-16T15:57:26+00:00";"2026-07-16T15:57:30+00:00";"2026-07-16T15:57:31+00:00";"2026-07-16T16:15:22+00:00";"2026-07-16T17:22:20+00:00";"240";"WORK";""
"99075d05-e9bd-4405-8020-c3b33a485ad5";"55d4b834-65d7-46a9-952d-e0915aa921b8";"2026-07-17";"2026-07-17T13:12:27+00:00";"2026-07-17T15:23:48+00:00";"2026-07-17T16:26:57+00:00";"2026-07-17T20:28:38+00:00";"2026-07-17T20:43:10+00:00";"2026-07-17T23:44:11+00:00";"480";"WORK";""
"9042e763-25af-42e6-98f3-6782e2d17c1f";"6c62ccbf-5719-4a03-89cf-3506e5200dd2";"2026-07-17";"2026-07-17T12:29:00+00:00";"2026-07-17T21:09:36+00:00";"2026-07-17T22:31:18+00:00";"2026-07-17T23:41:48+00:00";"2026-07-17T23:41:51+00:00";"2026-07-17T23:41:53+00:00";"480";"WORK";""
"b13aadc5-b2a5-4931-a3ac-bfc6bf2dadb3";"10af27b6-820d-4142-a168-b43e8f261518";"2026-07-17";"2026-07-17T13:00:42+00:00";"2026-07-17T14:08:07+00:00";"2026-07-17T15:11:07+00:00";"2026-07-17T20:02:05+00:00";"2026-07-17T20:23:22+00:00";"2026-07-17T23:29:46+00:00";"480";"WORK";""
"4a4ad585-9e64-4bfb-ba17-ec2583937e06";"55d4b834-65d7-46a9-952d-e0915aa921b8";"2026-07-18";"2026-07-18T13:17:24+00:00";"2026-07-18T15:32:01+00:00";"2026-07-18T16:31:40+00:00";"2026-07-18T19:46:53+00:00";"2026-07-18T20:03:42+00:00";"2026-07-18T22:20:34+00:00";"480";"WORK";""
"9b8ed7d1-db0a-4c75-9c7e-3d77b7a83c32";"10af27b6-820d-4142-a168-b43e8f261518";"2026-07-18";"2026-07-18T13:02:30+00:00";"2026-07-18T14:29:27+00:00";"2026-07-18T15:29:39+00:00";"2026-07-18T19:19:56+00:00";"2026-07-18T19:40:22+00:00";"2026-07-18T22:03:36+00:00";"480";"WORK";""
"4ebdc470-c4d4-4c6a-9981-0fd180e7f5aa";"55d4b834-65d7-46a9-952d-e0915aa921b8";"2026-07-20";"2026-07-20T13:10:51+00:00";"2026-07-20T16:07:36+00:00";"2026-07-20T17:01:56+00:00";"2026-07-20T20:33:13+00:00";"2026-07-20T20:44:54+00:00";"2026-07-20T22:45:38+00:00";"480";"WORK";""
"7f25b0a2-93db-48e2-993b-a324812469ff";"6c62ccbf-5719-4a03-89cf-3506e5200dd2";"2026-07-20";"2026-07-20T11:57:21+00:00";"2026-07-20T19:36:41+00:00";"2026-07-20T20:39:35+00:00";"2026-07-20T20:44:43+00:00";"2026-07-20T20:45:35+00:00";"2026-07-20T23:17:15+00:00";"480";"WORK";""
"6d182ad9-47e9-4234-b21e-4a371408f1d0";"10af27b6-820d-4142-a168-b43e8f261518";"2026-07-20";"2026-07-20T17:29:06+00:00";"2026-07-20T20:15:01+00:00";"2026-07-20T20:15:05+00:00";"2026-07-20T20:15:08+00:00";"2026-07-20T20:31:13+00:00";"2026-07-20T22:15:01+00:00";"240";"WORK";""
"5143b914-9130-4688-abac-713ba4bfa3be";"01f9409f-d074-4c85-b8aa-96be02f6ba07";"2026-07-20";"2026-07-20T12:52:17+00:00";"2026-07-20T14:52:07+00:00";"2026-07-20T15:21:52+00:00";"2026-07-20T19:23:02+00:00";"2026-07-20T19:23:06+00:00";"2026-07-20T19:23:08+00:00";"360";"WORK";""
"95a4d29f-d545-4502-9a07-9965a775fbaf";"10af27b6-820d-4142-a168-b43e8f261518";"2026-07-21";"2026-07-21T12:49:33+00:00";"2026-07-21T14:01:33+00:00";"2026-07-21T15:00:34+00:00";"2026-07-21T19:28:33+00:00";"2026-07-21T19:44:16+00:00";"2026-07-21T22:07:55+00:00";"480";"WORK";""
"d9a319fb-b365-4f95-9eeb-7ba4a46d2dcf";"55d4b834-65d7-46a9-952d-e0915aa921b8";"2026-07-21";"2026-07-21T13:13:49+00:00";"2026-07-21T15:04:00+00:00";"2026-07-21T16:00:53+00:00";"2026-07-21T19:57:29+00:00";"2026-07-21T20:12:26+00:00";"2026-07-21T22:14:12+00:00";"480";"WORK";""
"eaf36a0d-8417-404f-9e02-8eaf34e6bb33";"01f9409f-d074-4c85-b8aa-96be02f6ba07";"2026-07-21";"2026-07-21T12:55:41+00:00";"2026-07-21T14:48:57+00:00";"2026-07-21T15:37:22+00:00";"2026-07-21T20:06:16+00:00";"2026-07-21T20:06:20+00:00";"2026-07-21T20:06:21+00:00";"360";"WORK";""
"a7bb0248-ce6e-4b55-9fa9-efeee5b8416a";"6c62ccbf-5719-4a03-89cf-3506e5200dd2";"2026-07-21";"2026-07-21T12:49:44+00:00";"2026-07-21T18:54:00+00:00";"2026-07-21T19:55:17+00:00";"2026-07-21T21:00:57+00:00";"2026-07-21T21:15:19+00:00";"2026-07-21T22:32:00+00:00";"480";"WORK";""
"a3e0facb-2247-4060-9ca8-5110cf008054";"10af27b6-820d-4142-a168-b43e8f261518";"2026-07-22";"2026-07-22T12:37:18+00:00";"2026-07-22T14:25:50+00:00";"2026-07-22T15:30:32+00:00";"2026-07-22T19:10:56+00:00";"2026-07-22T19:31:54+00:00";"2026-07-22T22:16:51+00:00";"480";"WORK";""
"4a5cb0ff-58d5-47e3-9a97-99652e556c72";"01f9409f-d074-4c85-b8aa-96be02f6ba07";"2026-07-22";"2026-07-22T13:04:57+00:00";"2026-07-22T15:33:28+00:00";"2026-07-22T16:15:15+00:00";"2026-07-22T21:15:56+00:00";"2026-07-22T21:24:56+00:00";"2026-07-22T22:20:56+00:00";"360";"WORK";""
"f33c7649-369b-4a7c-8bb5-830695ec7b73";"6c62ccbf-5719-4a03-89cf-3506e5200dd2";"2026-07-22";"2026-07-22T12:44:17+00:00";"2026-07-22T18:58:34+00:00";"2026-07-22T20:13:47+00:00";"2026-07-23T02:25:18+00:00";"2026-07-23T02:25:20+00:00";"2026-07-23T02:25:23+00:00";"480";"WORK";""
"7fe55a38-f405-4cd3-94f1-373517c58c36";"6c62ccbf-5719-4a03-89cf-3506e5200dd2";"2026-07-23";"2026-07-23T12:56:17+00:00";"2026-07-23T20:52:57+00:00";"2026-07-23T21:38:40+00:00";"2026-07-24T02:13:55+00:00";"2026-07-24T02:13:59+00:00";"2026-07-24T02:14:03+00:00";"480";"WORK";""
"a91d1826-4578-4881-91e5-1ba427750995";"10af27b6-820d-4142-a168-b43e8f261518";"2026-07-23";"2026-07-23T12:36:31+00:00";"2026-07-23T14:04:26+00:00";"2026-07-23T15:04:05+00:00";"2026-07-23T19:38:47+00:00";"2026-07-23T19:54:04+00:00";"2026-07-23T22:04:33+00:00";"480";"WORK";""
"322f1e3e-b617-42f5-93ad-9b3335bed336";"01f9409f-d074-4c85-b8aa-96be02f6ba07";"2026-07-23";"2026-07-23T12:49:55+00:00";"2026-07-23T15:09:33+00:00";"2026-07-23T16:06:26+00:00";"2026-07-23T19:01:07+00:00";"2026-07-23T19:19:28+00:00";"2026-07-23T22:03:40+00:00";"360";"WORK";""
"592e77a0-caad-48da-be3d-7958996c8afa";"01f9409f-d074-4c85-b8aa-96be02f6ba07";"2026-07-24";"2026-07-24T13:10:50+00:00";"2026-07-24T15:40:02+00:00";"2026-07-24T19:36:39+00:00";"2026-07-24T20:20:37+00:00";"2026-07-24T20:34:05+00:00";"2026-07-24T22:11:20+00:00";"360";"WORK";""
"e85edce9-d9a7-408a-91a1-b9d924e36b7d";"10af27b6-820d-4142-a168-b43e8f261518";"2026-07-24";"2026-07-24T12:39:20+00:00";"2026-07-24T14:42:18+00:00";"2026-07-24T15:39:35+00:00";"2026-07-24T20:03:18+00:00";"2026-07-24T20:18:18+00:00";"2026-07-24T22:10:50+00:00";"480";"WORK";""
"5dab12a6-baa8-4899-8477-73cd53df5189";"10af27b6-820d-4142-a168-b43e8f261518";"2026-07-25";"2026-07-25T12:46:14+00:00";"2026-07-25T14:17:33+00:00";"2026-07-25T15:17:52+00:00";"2026-07-25T20:12:32+00:00";"2026-07-25T20:27:17+00:00";"2026-07-25T22:04:28+00:00";"480";"WORK";""
"38d39da3-5b40-4499-8f0a-4c7c7df0465f";"55d4b834-65d7-46a9-952d-e0915aa921b8";"2026-07-25";"2026-07-25T13:02:48+00:00";"2026-07-25T15:38:26+00:00";"2026-07-25T16:32:52+00:00";"2026-07-25T20:29:57+00:00";"2026-07-25T20:42:33+00:00";"2026-07-25T21:59:31+00:00";"480";"WORK";""
"62f82e2c-0e00-4588-8d00-10c91e7643f8";"01f9409f-d074-4c85-b8aa-96be02f6ba07";"2026-07-27";"2026-07-27T12:52:58+00:00";"2026-07-27T15:14:48+00:00";"2026-07-27T16:07:53+00:00";"2026-07-27T20:16:23+00:00";"2026-07-27T20:16:28+00:00";"2026-07-27T20:16:30+00:00";"360";"WORK";""
"b3052d7c-2b30-4dbc-910b-855c0529d132";"55d4b834-65d7-46a9-952d-e0915aa921b8";"2026-07-27";"2026-07-27T13:09:57+00:00";"2026-07-27T16:10:07+00:00";"2026-07-27T17:05:35+00:00";"2026-07-27T22:15:22+00:00";"2026-07-27T22:15:25+00:00";"2026-07-27T22:15:27+00:00";"480";"WORK";""
"776a8da8-702b-4661-869d-8a3b0fbb1f1e";"55d4b834-65d7-46a9-952d-e0915aa921b8";"2026-07-28";"2026-07-28T13:08:47+00:00";"2026-07-28T16:17:47+00:00";"2026-07-28T17:16:14+00:00";"2026-07-28T21:25:14+00:00";"2026-07-28T21:37:30+00:00";"2026-07-28T22:37:22+00:00";"480";"WORK";""
"f031768a-72b4-4989-b558-81ac33fa6ce4";"01f9409f-d074-4c85-b8aa-96be02f6ba07";"2026-07-28";"2026-07-28T13:03:09+00:00";"2026-07-28T15:08:05+00:00";"2026-07-28T16:07:13+00:00";"2026-07-28T20:44:02+00:00";"2026-07-28T20:44:03+00:00";"2026-07-28T20:44:07+00:00";"360";"WORK";""
"5590b6b2-79e1-4b40-b138-cd6d176d1125";"10af27b6-820d-4142-a168-b43e8f261518";"2026-07-28";"2026-07-28T12:59:58+00:00";"2026-07-28T14:06:38+00:00";"2026-07-28T15:07:51+00:00";"2026-07-28T19:55:12+00:00";"2026-07-28T20:15:18+00:00";"2026-07-28T22:24:38+00:00";"480";"WORK";""
"d266ca4a-94a2-4a4c-829c-0d0dd15c3246";"55d4b834-65d7-46a9-952d-e0915aa921b8";"2026-07-29";"2026-07-29T12:53:34+00:00";"2026-07-29T16:06:41+00:00";"2026-07-29T17:08:44+00:00";"2026-07-29T20:38:43+00:00";"2026-07-29T20:46:14+00:00";"2026-07-29T22:51:59+00:00";"480";"WORK";""
"2218f681-ce0f-4c14-a25f-800c442346fa";"01f9409f-d074-4c85-b8aa-96be02f6ba07";"2026-07-29";"2026-07-29T13:04:55+00:00";"2026-07-29T15:09:42+00:00";"2026-07-29T16:05:02+00:00";"2026-07-29T20:10:58+00:00";"2026-07-29T20:11:01+00:00";"2026-07-29T20:11:02+00:00";"360";"WORK";""
"46ee5831-0890-443e-88bb-c56c05c7f79d";"6c62ccbf-5719-4a03-89cf-3506e5200dd2";"2026-07-29";"2026-07-29T13:05:01+00:00";"2026-07-29T21:54:07+00:00";"2026-07-29T22:56:23+00:00";"2026-07-30T02:27:55+00:00";"2026-07-30T02:28:00+00:00";"2026-07-30T02:28:02+00:00";"480";"WORK";""
"f5ff2fc1-35ce-458a-9009-211479190ac2";"10af27b6-820d-4142-a168-b43e8f261518";"2026-07-29";"2026-07-29T12:37:51+00:00";"2026-07-29T14:01:52+00:00";"2026-07-29T14:57:16+00:00";"2026-07-29T20:17:44+00:00";"2026-07-29T20:38:34+00:00";"2026-07-29T22:23:34+00:00";"480";"WORK";""
"b1c1bf9c-e0be-4491-b3b0-41240793c5f8";"01f9409f-d074-4c85-b8aa-96be02f6ba07";"2026-07-30";"2026-07-30T13:19:28+00:00";"2026-07-30T13:19:38+00:00";"2026-07-30T13:19:41+00:00";"2026-07-30T15:13:52+00:00";"2026-07-30T16:05:03+00:00";"2026-07-30T20:01:27+00:00";"360";"WORK";""
"5a11886c-d188-4e4d-8f70-c9d20dcc34d8";"10af27b6-820d-4142-a168-b43e8f261518";"2026-07-30";"2026-07-30T12:44:17+00:00";"2026-07-30T14:04:36+00:00";"2026-07-30T15:03:17+00:00";"2026-07-30T19:46:02+00:00";"2026-07-30T20:08:05+00:00";"";"480";"WORK";""
"ea56be75-f9b4-41dd-b9aa-485b513e4690";"6c62ccbf-5719-4a03-89cf-3506e5200dd2";"2026-07-30";"2026-07-30T12:59:01+00:00";"2026-07-30T20:09:07+00:00";"2026-07-30T21:08:02+00:00";"2026-07-31T02:02:53+00:00";"2026-07-31T02:02:55+00:00";"2026-07-31T02:02:57+00:00";"480";"WORK";""
"37930f7b-f1d1-4e85-9338-07ef39029ec9";"27d83b80-0073-41d6-82f3-c7c9dc341db8";"2026-07-30";"2026-07-30T17:57:50+00:00";"2026-07-30T17:57:54+00:00";"2026-07-30T19:05:09+00:00";"2026-07-30T21:03:20+00:00";"2026-07-30T21:16:05+00:00";"2026-07-30T22:15:52+00:00";"480";"WORK";""
"2eda05c8-ce18-4402-8cdd-8750088c10f5";"10af27b6-820d-4142-a168-b43e8f261518";"2026-07-31";"2026-07-31T12:42:26+00:00";"2026-07-31T14:10:19+00:00";"2026-07-31T15:10:33+00:00";"2026-07-31T20:35:11+00:00";"2026-07-31T20:56:51+00:00";"2026-07-31T22:13:13+00:00";"480";"WORK";""
"9dc90399-f39f-4c74-ae9b-582ef27287e3";"01f9409f-d074-4c85-b8aa-96be02f6ba07";"2026-07-31";"2026-07-31T12:54:50+00:00";"2026-07-31T15:29:48+00:00";"2026-07-31T16:24:24+00:00";"2026-07-31T21:00:32+00:00";"2026-07-31T21:10:26+00:00";"2026-07-31T21:10:30+00:00";"360";"WORK";""
"124e2080-0954-4ff6-be5f-20cc008ff45b";"10af27b6-820d-4142-a168-b43e8f261518";"2026-08-01";"2026-08-01T12:38:34+00:00";"2026-08-01T14:00:30+00:00";"2026-08-01T15:00:24+00:00";"2026-08-01T19:17:28+00:00";"2026-08-01T19:33:40+00:00";"";"480";"WORK";""
"c52bd7fc-1f32-4706-9157-8a98857fbfb1";"27d83b80-0073-41d6-82f3-c7c9dc341db8";"2026-08-01";"2026-08-01T13:00:46+00:00";"2026-08-01T17:23:11+00:00";"2026-08-01T18:29:15+00:00";"2026-08-01T21:16:34+00:00";"2026-08-01T22:28:52+00:00";"2026-08-01T22:28:54+00:00";"480";"WORK";""
"01493df7-180e-4195-8d84-ecb7446c0fad";"55d4b834-65d7-46a9-952d-e0915aa921b8";"2026-08-01";"2026-08-01T13:02:59+00:00";"2026-08-01T15:57:34+00:00";"2026-08-01T16:58:25+00:00";"2026-08-01T19:38:39+00:00";"2026-08-01T19:53:48+00:00";"2026-08-01T22:22:55+00:00";"480";"WORK";""
"544dfffb-edc5-40d0-89e6-66a4ff2a9e67";"27d83b80-0073-41d6-82f3-c7c9dc341db8";"2026-08-02";"2026-08-02T12:46:31+00:00";"2026-08-02T16:55:52+00:00";"2026-08-02T18:02:42+00:00";"2026-08-02T21:04:07+00:00";"2026-08-02T21:04:08+00:00";"2026-08-02T21:04:09+00:00";"0";"WORK";""
"dcd66444-da67-4bfc-823a-566b346a2631";"10af27b6-820d-4142-a168-b43e8f261518";"2026-08-02";"2026-08-02T12:29:54+00:00";"2026-08-02T14:00:20+00:00";"2026-08-02T15:01:36+00:00";"2026-08-02T19:41:06+00:00";"2026-08-02T19:53:51+00:00";"";"0";"WORK";""
"33803261-5e1e-4f00-9e94-90dd97b7aaac";"55d4b834-65d7-46a9-952d-e0915aa921b8";"2026-08-02";"2026-08-02T12:44:24+00:00";"2026-08-02T15:33:04+00:00";"2026-08-02T16:47:16+00:00";"2026-08-02T20:00:16+00:00";"2026-08-02T20:16:30+00:00";"2026-08-02T20:59:26+00:00";"0";"WORK";""
"89120073-7034-485e-9737-d5cad8e26d42";"55d4b834-65d7-46a9-952d-e0915aa921b8";"2026-08-03";"2026-08-03T13:05:36+00:00";"2026-08-03T15:54:10+00:00";"2026-08-03T16:59:34+00:00";"2026-08-03T20:17:36+00:00";"2026-08-03T20:32:37+00:00";"2026-08-03T22:04:41+00:00";"480";"WORK";""
"b5ce3492-d435-465b-9677-abee4e5d9fd6";"27d83b80-0073-41d6-82f3-c7c9dc341db8";"2026-08-03";"2026-08-03T12:57:07+00:00";"2026-08-03T17:35:26+00:00";"2026-08-03T18:34:54+00:00";"2026-08-03T20:50:39+00:00";"2026-08-03T22:04:51+00:00";"2026-08-03T22:04:56+00:00";"240";"WORK";""
"8a34bb38-92d6-49b1-b306-41192a119b4a";"01f9409f-d074-4c85-b8aa-96be02f6ba07";"2026-08-03";"2026-08-03T12:59:57+00:00";"2026-08-03T14:52:04+00:00";"2026-08-03T15:49:11+00:00";"2026-08-03T20:02:03+00:00";"2026-08-03T20:02:07+00:00";"2026-08-03T20:02:09+00:00";"360";"WORK";""
"8d39a891-6ce3-4b50-b82a-9a9a926905ae";"6c62ccbf-5719-4a03-89cf-3506e5200dd2";"2026-08-03";"2026-08-03T13:02:16+00:00";"2026-08-03T20:56:44+00:00";"2026-08-03T22:07:15+00:00";"2026-08-03T22:07:17+00:00";"2026-08-03T22:07:18+00:00";"2026-08-03T22:10:17+00:00";"480";"WORK";""
"09eb795d-157a-4d44-be27-980e9ed2bf86";"01f9409f-d074-4c85-b8aa-96be02f6ba07";"2026-08-04";"2026-08-04T12:55:42+00:00";"2026-08-04T15:06:52+00:00";"2026-08-04T15:57:27+00:00";"2026-08-04T20:21:46+00:00";"2026-08-04T20:21:51+00:00";"2026-08-04T20:21:53+00:00";"360";"WORK";""
"d61687b4-e6bf-4c1d-84ad-9ed9e32e5d0c";"27d83b80-0073-41d6-82f3-c7c9dc341db8";"2026-08-04";"2026-08-04T12:56:49+00:00";"2026-08-04T17:35:49+00:00";"2026-08-04T17:35:51+00:00";"2026-08-04T17:35:53+00:00";"2026-08-04T17:35:55+00:00";"2026-08-04T17:35:57+00:00";"480";"WORK";""
"767dec58-9dff-42cc-8d4c-b1a035c9912d";"55d4b834-65d7-46a9-952d-e0915aa921b8";"2026-08-04";"2026-08-04T13:01:37+00:00";"2026-08-04T15:58:09+00:00";"2026-08-04T16:57:34+00:00";"2026-08-04T19:57:14+00:00";"2026-08-04T20:08:55+00:00";"2026-08-04T22:32:45+00:00";"480";"WORK";""
"8bcfb8c1-22f4-4b77-b29f-be56abb929d1";"10af27b6-820d-4142-a168-b43e8f261518";"2026-08-04";"2026-08-04T12:57:58+00:00";"2026-08-04T14:02:54+00:00";"2026-08-04T15:00:12+00:00";"2026-08-04T19:30:11+00:00";"2026-08-04T19:47:26+00:00";"2026-08-04T22:12:36+00:00";"480";"WORK";""
"ac17e6b4-5712-4f97-b3cf-ec825aec1f98";"55d4b834-65d7-46a9-952d-e0915aa921b8";"2026-08-05";"2026-08-05T12:52:02+00:00";"2026-08-05T15:36:29+00:00";"2026-08-05T16:37:31+00:00";"2026-08-05T20:10:49+00:00";"2026-08-05T20:31:23+00:00";"2026-08-05T22:24:01+00:00";"480";"WORK";""
"c73e40e2-5f6c-474c-8b4c-6560cb44cc02";"10af27b6-820d-4142-a168-b43e8f261518";"2026-08-05";"2026-08-05T12:38:58+00:00";"2026-08-05T14:14:25+00:00";"2026-08-05T15:17:07+00:00";"2026-08-05T19:44:18+00:00";"2026-08-05T20:03:31+00:00";"2026-08-05T22:24:08+00:00";"480";"WORK";""
"95f5b84c-5e1a-4cb5-b8ec-a47c4ead55f2";"01f9409f-d074-4c85-b8aa-96be02f6ba07";"2026-08-06";"2026-08-06T12:55:53+00:00";"2026-08-06T15:02:42+00:00";"2026-08-06T16:02:34+00:00";"2026-08-06T20:02:30+00:00";"2026-08-06T20:02:37+00:00";"2026-08-06T20:02:39+00:00";"360";"WORK";""
"846f2c1d-c24b-4b8d-9da8-d9754aa1f6f4";"10af27b6-820d-4142-a168-b43e8f261518";"2026-08-06";"2026-08-06T12:38:15+00:00";"2026-08-06T14:04:59+00:00";"2026-08-06T15:06:36+00:00";"2026-08-06T19:29:15+00:00";"2026-08-06T19:49:35+00:00";"2026-08-06T22:15:28+00:00";"480";"WORK";""
"c5538f9b-35a8-4ba8-a0c9-f9b345c3cc32";"27d83b80-0073-41d6-82f3-c7c9dc341db8";"2026-08-06";"2026-08-06T17:37:09+00:00";"2026-08-06T17:37:14+00:00";"2026-08-06T20:56:30+00:00";"2026-08-06T20:56:45+00:00";"2026-08-06T21:15:01+00:00";"2026-08-06T22:17:31+00:00";"480";"WORK";""
"ecff6dbe-00c6-4084-90ce-d71942f30eee";"55d4b834-65d7-46a9-952d-e0915aa921b8";"2026-08-07";"2026-08-07T13:06:16+00:00";"2026-08-07T15:52:58+00:00";"2026-08-07T17:00:12+00:00";"2026-08-07T20:25:02+00:00";"2026-08-07T20:38:30+00:00";"2026-08-07T22:08:03+00:00";"480";"WORK";""
"1bb56ecc-314e-4f6f-bbe2-05e45b6b8f3d";"01f9409f-d074-4c85-b8aa-96be02f6ba07";"2026-08-07";"2026-08-07T12:56:26+00:00";"2026-08-07T15:16:34+00:00";"2026-08-07T16:13:26+00:00";"2026-08-07T20:11:44+00:00";"2026-08-07T20:11:47+00:00";"2026-08-07T20:11:49+00:00";"360";"WORK";""
"33a5fdd5-16aa-4ae4-b188-b0e3170ccde0";"6c62ccbf-5719-4a03-89cf-3506e5200dd2";"2026-08-07";"2026-08-07T13:18:15+00:00";"2026-08-07T17:12:27+00:00";"2026-08-07T18:19:20+00:00";"2026-08-07T22:34:37+00:00";"2026-08-07T22:34:38+00:00";"2026-08-07T22:34:39+00:00";"480";"WORK";""
"eb8b6a1d-04ec-4259-a610-5062059216dd";"27d83b80-0073-41d6-82f3-c7c9dc341db8";"2026-08-07";"2026-08-07T13:02:20+00:00";"2026-08-07T17:29:34+00:00";"2026-08-07T18:31:59+00:00";"2026-08-07T21:01:42+00:00";"2026-08-07T21:16:25+00:00";"2026-08-07T22:01:54+00:00";"480";"WORK";""
"e19bab10-9382-4dcc-8739-cbf2682312a6";"10af27b6-820d-4142-a168-b43e8f261518";"2026-08-07";"2026-08-07T12:59:38+00:00";"2026-08-07T14:02:30+00:00";"2026-08-07T15:01:27+00:00";"2026-08-07T19:36:38+00:00";"2026-08-07T19:58:28+00:00";"2026-08-07T22:14:17+00:00";"480";"WORK";""
"83507260-3045-4844-8d27-4205d66765fd";"10af27b6-820d-4142-a168-b43e8f261518";"2026-08-08";"2026-08-08T13:00:40+00:00";"2026-08-08T14:03:30+00:00";"2026-08-08T15:03:43+00:00";"2026-08-08T19:50:50+00:00";"2026-08-08T20:02:22+00:00";"2026-08-08T22:08:27+00:00";"480";"WORK";""
"2fb25bcb-feeb-4713-b00b-9eba6ccc4a3a";"55d4b834-65d7-46a9-952d-e0915aa921b8";"2026-08-08";"2026-08-08T13:06:42+00:00";"2026-08-08T15:59:24+00:00";"2026-08-08T17:04:38+00:00";"2026-08-08T20:32:54+00:00";"2026-08-08T20:48:11+00:00";"2026-08-08T22:04:23+00:00";"480";"WORK";""
"91ca2914-df27-4154-a9f8-c41776759673";"27d83b80-0073-41d6-82f3-c7c9dc341db8";"2026-08-08";"2026-08-08T13:20:56+00:00";"2026-08-08T17:29:50+00:00";"2026-08-08T18:34:39+00:00";"2026-08-08T21:01:56+00:00";"2026-08-08T21:16:34+00:00";"2026-08-08T22:09:11+00:00";"480";"WORK";""
"52cb7b77-c7e2-47ee-91b8-b04fa1520088";"01f9409f-d074-4c85-b8aa-96be02f6ba07";"2026-08-08";"2026-08-08T12:58:58+00:00";"2026-08-08T15:08:09+00:00";"2026-08-08T16:04:43+00:00";"2026-08-08T19:38:16+00:00";"2026-08-08T19:49:32+00:00";"2026-08-08T20:17:18+00:00";"0";"WORK";""
"acad7b7f-d5f4-44c3-bc62-fe0df8886c00";"55d4b834-65d7-46a9-952d-e0915aa921b8";"2026-08-10";"2026-08-10T13:04:40+00:00";"2026-08-10T15:25:39+00:00";"2026-08-10T16:25:47+00:00";"2026-08-10T20:00:58+00:00";"2026-08-10T20:13:50+00:00";"2026-08-10T22:33:35+00:00";"480";"WORK";""
"119d5839-9813-48a9-aee3-704843f7c3f5";"6c62ccbf-5719-4a03-89cf-3506e5200dd2";"2026-08-10";"2026-08-10T11:42:42+00:00";"2026-08-10T19:18:08+00:00";"2026-08-10T20:44:17+00:00";"2026-08-10T22:14:24+00:00";"2026-08-10T22:14:27+00:00";"2026-08-10T22:28:12+00:00";"480";"WORK";""
"ad96ccbd-5601-4ecc-969a-bce6dcc7fcfa";"01f9409f-d074-4c85-b8aa-96be02f6ba07";"2026-08-10";"2026-08-10T12:55:49+00:00";"2026-08-10T14:59:06+00:00";"2026-08-10T15:38:21+00:00";"2026-08-10T20:06:29+00:00";"2026-08-10T20:06:31+00:00";"2026-08-10T20:06:33+00:00";"360";"WORK";""
"960770c4-269c-44b0-a606-cdbefcc692a0";"10af27b6-820d-4142-a168-b43e8f261518";"2026-08-10";"2026-08-10T17:30:43+00:00";"2026-08-10T19:22:45+00:00";"2026-08-10T19:22:48+00:00";"2026-08-10T19:22:50+00:00";"2026-08-10T19:45:52+00:00";"2026-08-10T22:13:28+00:00";"240";"WORK";""
"68fea61d-bbfb-4674-b5bf-e9a1da1cc46a";"27d83b80-0073-41d6-82f3-c7c9dc341db8";"2026-08-10";"2026-08-10T13:01:47+00:00";"2026-08-10T18:23:09+00:00";"2026-08-10T18:23:13+00:00";"2026-08-10T18:23:14+00:00";"2026-08-10T18:23:16+00:00";"2026-08-10T18:23:17+00:00";"240";"WORK";""
"c2d2f219-5e1c-4726-82a1-05b3f2f2d21b";"6c62ccbf-5719-4a03-89cf-3506e5200dd2";"2026-08-11";"2026-08-11T12:45:15+00:00";"2026-08-11T20:44:39+00:00";"2026-08-11T21:44:12+00:00";"2026-08-11T22:08:19+00:00";"2026-08-11T22:08:21+00:00";"2026-08-11T22:08:22+00:00";"480";"WORK";""
"98efef22-d975-4b72-a42f-29c426c23147";"01f9409f-d074-4c85-b8aa-96be02f6ba07";"2026-08-11";"2026-08-11T13:04:44+00:00";"2026-08-11T15:01:33+00:00";"2026-08-11T15:56:59+00:00";"2026-08-11T20:05:57+00:00";"2026-08-11T20:06:00+00:00";"2026-08-11T20:06:02+00:00";"360";"WORK";""
"e851246e-acb4-498b-87bf-d53e3b96901d";"10af27b6-820d-4142-a168-b43e8f261518";"2026-08-11";"2026-08-11T12:59:04+00:00";"2026-08-11T14:01:23+00:00";"2026-08-11T15:05:55+00:00";"2026-08-11T19:26:58+00:00";"2026-08-11T19:44:21+00:00";"2026-08-11T22:08:25+00:00";"480";"WORK";""
"5eef7732-2700-4422-bf9c-4bdf3196cb71";"55d4b834-65d7-46a9-952d-e0915aa921b8";"2026-08-11";"2026-08-11T13:04:57+00:00";"2026-08-11T16:00:25+00:00";"2026-08-11T17:00:13+00:00";"2026-08-11T19:47:42+00:00";"2026-08-11T19:58:20+00:00";"2026-08-11T22:05:54+00:00";"480";"WORK";""
"219d5f04-6b28-4b94-a32a-a1c96f1dff6b";"27d83b80-0073-41d6-82f3-c7c9dc341db8";"2026-08-11";"2026-08-11T13:11:57+00:00";"2026-08-11T17:45:36+00:00";"2026-08-11T18:47:51+00:00";"2026-08-11T21:00:09+00:00";"2026-08-11T21:18:11+00:00";"2026-08-11T22:06:56+00:00";"480";"WORK";""
"99ba9bf1-4bb0-4c1f-bfbf-6b8917dff2a0";"10af27b6-820d-4142-a168-b43e8f261518";"2026-08-12";"2026-08-12T13:00:34+00:00";"2026-08-12T14:01:51+00:00";"2026-08-12T15:11:52+00:00";"2026-08-12T19:45:03+00:00";"2026-08-12T20:02:33+00:00";"2026-08-12T22:18:45+00:00";"480";"WORK";""
"7ae3cca7-303b-4afd-888e-45320f64d22f";"27d83b80-0073-41d6-82f3-c7c9dc341db8";"2026-08-12";"2026-08-12T13:00:13+00:00";"2026-08-12T17:39:13+00:00";"2026-08-12T18:53:35+00:00";"2026-08-12T22:19:03+00:00";"2026-08-12T22:19:04+00:00";"2026-08-12T22:19:05+00:00";"480";"WORK";""
"3e6f7df4-a9af-4279-b739-c43786035352";"10af27b6-820d-4142-a168-b43e8f261518";"2026-08-13";"2026-08-13T12:57:59+00:00";"2026-08-13T14:03:14+00:00";"2026-08-13T15:01:04+00:00";"2026-08-13T19:20:20+00:00";"2026-08-13T19:39:10+00:00";"2026-08-13T22:03:49+00:00";"480";"WORK";""
"45521339-9c07-41ea-8cd8-20fcbc0c7745";"6c62ccbf-5719-4a03-89cf-3506e5200dd2";"2026-08-13";"2026-08-13T12:35:09+00:00";"2026-08-13T18:56:47+00:00";"2026-08-13T19:56:22+00:00";"2026-08-13T22:20:51+00:00";"2026-08-13T22:20:54+00:00";"2026-08-13T22:20:57+00:00";"480";"WORK";""
"fd20d445-36bb-4220-a694-3ad99c720612";"27d83b80-0073-41d6-82f3-c7c9dc341db8";"2026-08-13";"2026-08-13T12:48:32+00:00";"2026-08-13T17:44:06+00:00";"2026-08-13T18:49:14+00:00";"2026-08-13T22:31:43+00:00";"2026-08-13T22:31:47+00:00";"2026-08-13T22:31:48+00:00";"480";"WORK";""
"4a3e6d30-f425-459c-a36a-58ee23437a56";"55d4b834-65d7-46a9-952d-e0915aa921b8";"2026-08-13";"2026-08-13T13:00:49+00:00";"2026-08-13T15:38:35+00:00";"2026-08-13T16:44:33+00:00";"2026-08-13T20:18:35+00:00";"2026-08-13T20:29:35+00:00";"2026-08-13T22:01:57+00:00";"240";"WORK";""
"73e4419c-37f4-4fe6-80df-1c431863ed5e";"01f9409f-d074-4c85-b8aa-96be02f6ba07";"2026-08-13";"2026-08-13T13:05:06+00:00";"2026-08-13T14:41:36+00:00";"2026-08-13T15:41:09+00:00";"2026-08-13T20:16:14+00:00";"2026-08-13T20:16:19+00:00";"2026-08-13T20:16:22+00:00";"360";"WORK";""
"3d6cb835-9b74-40ca-81c0-1c00e1ad5caf";"55d4b834-65d7-46a9-952d-e0915aa921b8";"2026-08-14";"2026-08-14T13:01:19+00:00";"2026-08-14T15:20:33+00:00";"";"";"";"";"480";"WORK";""
"34ff9b24-ce5a-43ef-b1a0-2001c4981e38";"27d83b80-0073-41d6-82f3-c7c9dc341db8";"2026-08-14";"2026-08-14T12:59:08+00:00";"";"";"";"";"";"480";"WORK";""
"141fb63a-cb33-4a04-a0b9-c701da83878e";"6c62ccbf-5719-4a03-89cf-3506e5200dd2";"2026-08-14";"2026-08-14T12:59:12+00:00";"";"";"";"";"";"480";"WORK";""
"af40c440-6c08-45a8-a0e7-becd6f57b0f2";"01f9409f-d074-4c85-b8aa-96be02f6ba07";"2026-08-14";"2026-08-14T12:57:14+00:00";"2026-08-14T15:01:48+00:00";"";"";"";"";"360";"WORK";""
"a534319a-7d90-4ed9-8619-eb4d685bf134";"10af27b6-820d-4142-a168-b43e8f261518";"2026-08-14";"2026-08-14T12:59:20+00:00";"2026-08-14T14:06:16+00:00";"2026-08-14T15:12:08+00:00";"";"";"";"480";"WORK";""